date,symbol,name,open,close,high,low,volume
2021-08-02,605507,国邦药业,25.916,31.502,31.502,25.916,18850.0
2021-08-03,605507,国邦药业,32.216,28.152,32.216,28.152,261097.0
2021-08-04,605507,国邦药业,25.43,25.952,28.145,25.137,244701.0
2021-08-05,605507,国邦药业,25.145,23.852,25.63,23.802,166257.0
2021-08-06,605507,国邦药业,24.073,23.723,24.637,23.287,92863.0
2021-08-09,605507,国邦药业,23.723,22.452,23.73,22.359,117203.0
2021-08-10,605507,国邦药业,22.23,22.33,22.645,21.973,74660.0
2021-08-11,605507,国邦药业,22.28,22.495,22.545,22.023,67561.0
2021-08-12,605507,国邦药业,22.352,22.145,22.466,22.116,59428.0
2021-08-13,605507,国邦药业,22.145,21.73,22.252,21.716,66174.0
2021-08-16,605507,国邦药业,21.716,22.195,22.573,21.295,68676.0
2021-08-17,605507,国邦药业,21.98,21.609,22.13,21.595,53065.0
2021-08-18,605507,国邦药业,21.573,21.787,21.902,21.573,38306.0
2021-08-19,605507,国邦药业,21.68,21.73,22.18,21.68,46163.0
2021-08-20,605507,国邦药业,21.723,21.073,21.723,20.923,57438.0
2021-08-23,605507,国邦药业,20.923,20.895,21.13,20.595,51990.0
2021-08-24,605507,国邦药业,20.895,20.966,21.059,20.73,31553.0
2021-08-25,605507,国邦药业,20.937,20.995,21.116,20.759,30774.0
2021-08-26,605507,国邦药业,20.937,20.652,20.995,20.63,33891.0
2021-08-27,605507,国邦药业,20.609,19.966,20.63,19.945,55629.0
2021-08-30,605507,国邦药业,19.945,19.795,20.337,19.787,29726.0
2021-08-31,605507,国邦药业,19.845,19.152,19.916,19.13,46274.0
2021-09-01,605507,国邦药业,19.173,19.316,19.53,18.973,34398.0
2021-09-02,605507,国邦药业,19.287,19.345,19.409,19.116,24862.0
2021-09-03,605507,国邦药业,19.33,19.652,19.659,19.18,31668.0
2021-09-06,605507,国邦药业,19.702,19.752,19.845,19.487,24718.0
2021-09-07,605507,国邦药业,19.68,20.137,20.359,19.623,37720.0
2021-09-08,605507,国邦药业,20.009,20.002,20.216,19.995,25119.0
2021-09-09,605507,国邦药业,19.973,19.616,19.98,19.609,28008.0
2021-09-10,605507,国邦药业,19.759,19.623,19.759,19.58,16880.0
2021-09-13,605507,国邦药业,19.63,19.616,19.809,19.58,15656.0
2021-09-14,605507,国邦药业,19.68,19.38,19.745,19.373,19255.0
2021-09-15,605507,国邦药业,19.416,19.352,19.502,19.237,16022.0
2021-09-16,605507,国邦药业,19.409,19.252,19.502,19.252,19911.0
2021-09-17,605507,国邦药业,19.252,19.395,19.409,19.073,19615.0
2021-09-22,605507,国邦药业,19.152,19.266,19.337,19.152,12418.0
2021-09-23,605507,国邦药业,19.266,19.337,19.402,19.266,12531.0
2021-09-24,605507,国邦药业,19.409,19.145,19.409,19.145,15111.0
2021-09-27,605507,国邦药业,19.152,18.53,19.273,18.48,24629.0
2021-09-28,605507,国邦药业,18.487,18.287,18.487,18.23,15026.0
2021-09-29,605507,国邦药业,18.23,17.652,18.23,17.652,22807.0
2021-09-30,605507,国邦药业,17.687,17.873,17.909,17.645,11309.0
2021-10-08,605507,国邦药业,17.995,18.145,18.195,17.93,12583.0
2021-10-11,605507,国邦药业,18.145,18.252,18.266,18.13,10173.0
2021-10-12,605507,国邦药业,18.18,17.945,18.18,17.923,12393.0
2021-10-13,605507,国邦药业,17.937,18.395,18.452,17.902,17130.0
2021-10-14,605507,国邦药业,18.337,18.295,18.495,18.23,11254.0
2021-10-15,605507,国邦药业,18.352,18.052,18.352,18.045,10328.0
2021-10-18,605507,国邦药业,18.052,17.959,18.059,17.823,8536.0
2021-10-19,605507,国邦药业,17.866,17.945,18.045,17.802,9418.0
2021-10-20,605507,国邦药业,17.937,17.809,17.937,17.787,10474.0
2021-10-21,605507,国邦药业,17.809,17.73,17.859,17.702,8894.0
2021-10-22,605507,国邦药业,17.652,17.68,17.823,17.652,8769.0
2021-10-25,605507,国邦药业,17.652,17.837,17.845,17.652,7590.0
2021-10-26,605507,国邦药业,17.795,17.752,17.945,17.716,10879.0
2021-10-27,605507,国邦药业,17.673,17.13,17.766,17.095,20377.0
2021-10-28,605507,国邦药业,17.152,16.58,17.223,16.573,16728.0
2021-10-29,605507,国邦药业,16.666,16.602,16.666,16.502,12029.0
2021-11-01,605507,国邦药业,16.573,17.18,17.402,16.559,19984.0
2021-11-02,605507,国邦药业,17.245,16.787,17.245,16.68,12988.0
2021-11-03,605507,国邦药业,16.823,17.037,17.059,16.816,9153.0
2021-11-04,605507,国邦药业,16.973,17.123,17.195,16.973,10161.0
2021-11-05,605507,国邦药业,17.016,16.966,17.245,16.952,9686.0
2021-11-08,605507,国邦药业,16.787,16.952,17.102,16.787,8915.0
2021-11-09,605507,国邦药业,16.987,17.773,17.916,16.952,33494.0
2021-11-10,605507,国邦药业,17.659,18.159,18.33,17.609,35795.0
2021-11-11,605507,国邦药业,18.037,18.173,18.28,17.895,21038.0
2021-11-12,605507,国邦药业,18.159,18.216,18.273,17.966,17640.0
2021-11-15,605507,国邦药业,18.316,19.002,19.173,18.316,41614.0
2021-11-16,605507,国邦药业,18.98,18.516,18.995,18.423,31579.0
2021-11-17,605507,国邦药业,18.43,18.409,18.495,18.18,15572.0
2021-11-18,605507,国邦药业,18.295,18.166,18.673,18.152,14873.0
2021-11-19,605507,国邦药业,18.173,18.33,18.402,18.173,10818.0
2021-11-22,605507,国邦药业,18.295,18.237,18.487,18.209,12498.0
2021-11-23,605507,国邦药业,18.23,18.087,18.28,18.066,13159.0
2021-11-24,605507,国邦药业,18.087,18.323,18.323,18.059,14145.0
2021-11-25,605507,国邦药业,18.295,18.537,18.566,18.252,18550.0
2021-11-26,605507,国邦药业,18.63,18.373,18.673,18.359,14260.0
2021-11-29,605507,国邦药业,18.087,18.23,18.559,18.08,13336.0
2021-11-30,605507,国邦药业,18.202,18.616,18.666,18.202,20060.0
2021-12-01,605507,国邦药业,18.537,18.58,18.716,18.452,15407.0
2021-12-02,605507,国邦药业,18.573,18.38,18.68,18.366,14638.0
2021-12-03,605507,国邦药业,18.309,18.359,18.473,18.273,9391.0
2021-12-06,605507,国邦药业,18.387,18.016,18.409,18.016,13768.0
2021-12-07,605507,国邦药业,18.016,17.773,18.195,17.666,11102.0
2021-12-08,605507,国邦药业,17.802,17.859,17.945,17.752,6661.0
2021-12-09,605507,国邦药业,17.866,17.93,18.002,17.866,7654.0
2021-12-10,605507,国邦药业,17.93,17.887,17.987,17.845,7056.0
2021-12-13,605507,国邦药业,17.859,17.752,17.859,17.723,12967.0
2021-12-14,605507,国邦药业,17.723,17.787,17.895,17.523,16735.0
2021-12-15,605507,国邦药业,17.752,17.745,17.823,17.687,8717.0
2021-12-16,605507,国邦药业,17.78,17.823,17.823,17.687,10062.0
2021-12-17,605507,国邦药业,17.88,17.837,17.995,17.802,13057.0
2021-12-20,605507,国邦药业,17.837,17.773,17.909,17.737,10095.0
2021-12-21,605507,国邦药业,17.752,18.337,18.337,17.73,25308.0
2021-12-22,605507,国邦药业,18.309,18.687,19.045,18.23,50363.0
2021-12-23,605507,国邦药业,18.58,18.337,18.687,18.287,29835.0
2021-12-24,605507,国邦药业,18.287,18.259,18.53,18.195,19271.0
2021-12-27,605507,国邦药业,18.309,18.587,18.602,18.216,24412.0
2021-12-28,605507,国邦药业,18.759,18.545,18.773,18.409,20643.0
2021-12-29,605507,国邦药业,18.509,18.466,18.687,18.43,19212.0
2021-12-30,605507,国邦药业,18.473,18.366,18.502,18.223,19164.0
2021-12-31,605507,国邦药业,18.423,18.952,19.423,18.373,45429.0
2022-01-04,605507,国邦药业,18.916,18.945,19.352,18.83,34299.0
2022-01-05,605507,国邦药业,18.866,18.416,18.916,18.287,28237.0
2022-01-06,605507,国邦药业,18.352,20.423,20.423,18.337,64495.0
2022-01-07,605507,国邦药业,20.402,20.559,21.073,19.98,161962.0
2022-01-10,605507,国邦药业,20.495,20.123,20.495,19.852,64764.0
2022-01-11,605507,国邦药业,20.109,20.252,20.916,20.002,74667.0
2022-01-12,605507,国邦药业,20.016,20.037,20.237,19.702,56314.0
2022-01-13,605507,国邦药业,20.066,19.552,20.28,19.509,53770.0
2022-01-14,605507,国邦药业,19.423,20.387,20.537,19.266,87148.0
2022-01-17,605507,国邦药业,20.395,21.13,21.445,19.866,131274.0
2022-01-18,605507,国邦药业,21.33,20.98,22.18,20.337,114457.0
2022-01-19,605507,国邦药业,20.43,19.723,20.63,19.573,73951.0
2022-01-20,605507,国邦药业,20.716,21.859,21.859,20.716,192655.0
2022-01-21,605507,国邦药业,20.637,19.93,21.187,19.93,180124.0
2022-01-24,605507,国邦药业,19.587,19.466,20.087,19.345,52065.0
2022-01-25,605507,国邦药业,19.345,19.002,20.252,19.002,62138.0
2022-01-26,605507,国邦药业,19.073,20.737,21.066,19.073,134343.0
2022-01-27,605507,国邦药业,21.023,21.023,21.609,20.487,102583.0
2022-01-28,605507,国邦药业,21.137,21.345,22.28,20.73,79367.0
2022-02-07,605507,国邦药业,21.573,20.859,21.645,19.787,47966.0
2022-02-08,605507,国邦药业,20.923,20.987,21.166,20.395,39805.0
2022-02-09,605507,国邦药业,20.945,20.687,20.945,20.166,42599.0
2022-02-10,605507,国邦药业,20.63,21.137,21.373,20.459,51726.0
2022-02-11,605507,国邦药业,20.937,20.716,21.687,20.58,59350.0
2022-02-14,605507,国邦药业,20.716,21.216,22.637,20.716,75202.0
2022-02-15,605507,国邦药业,20.716,19.645,20.859,19.523,106465.0
2022-02-16,605507,国邦药业,19.73,19.702,19.916,19.523,42081.0
2022-02-17,605507,国邦药业,19.573,18.566,19.573,18.516,93779.0
2022-02-18,605507,国邦药业,18.359,18.623,18.687,18.166,49754.0
2022-02-21,605507,国邦药业,18.63,19.016,19.066,18.566,40858.0
2022-02-22,605507,国邦药业,19.023,18.702,19.216,18.623,30700.0
2022-02-23,605507,国邦药业,18.709,18.702,18.902,18.63,26405.0
2022-02-24,605507,国邦药业,18.652,17.966,18.809,17.702,43173.0
2022-02-25,605507,国邦药业,18.009,18.58,18.802,18.002,36677.0
2022-02-28,605507,国邦药业,18.673,18.287,18.716,18.159,29059.0
2022-03-01,605507,国邦药业,18.395,18.416,18.452,18.259,14024.0
2022-03-02,605507,国邦药业,18.359,18.409,18.573,18.145,13700.0
2022-03-03,605507,国邦药业,18.409,18.673,18.773,18.345,24042.0
2022-03-04,605507,国邦药业,18.787,19.837,20.502,18.68,119243.0
2022-03-07,605507,国邦药业,19.816,19.902,20.373,19.409,78153.0
2022-03-08,605507,国邦药业,19.802,18.359,19.859,18.145,70374.0
2022-03-09,605507,国邦药业,18.33,17.916,18.537,17.295,35159.0
2022-03-10,605507,国邦药业,18.359,19.023,19.173,18.045,58097.0
2022-03-11,605507,国邦药业,19.073,19.016,19.395,18.723,62396.0
2022-03-14,605507,国邦药业,18.98,19.237,19.766,18.759,61929.0
2022-03-15,605507,国邦药业,18.723,20.366,21.323,18.416,213595.0
2022-03-16,605507,国邦药业,21.102,20.759,22.095,19.373,207331.0
2022-03-17,605507,国邦药业,19.795,22.252,23.002,19.766,269034.0
2022-03-18,605507,国邦药业,22.645,22.416,23.552,21.395,196205.0
2022-03-21,605507,国邦药业,21.93,22.459,23.395,21.902,163288.0
2022-03-22,605507,国邦药业,21.945,20.787,22.645,20.502,116780.0
2022-03-23,605507,国邦药业,20.787,22.459,23.03,20.78,268209.0
2022-03-24,605507,国邦药业,21.166,21.33,22.116,20.873,176727.0
2022-03-25,605507,国邦药业,21.273,23.63,23.63,20.973,206537.0
2022-03-28,605507,国邦药业,24.787,21.716,25.445,21.659,239740.0
2022-03-29,605507,国邦药业,21.673,21.502,22.402,21.045,127797.0
2022-03-30,605507,国邦药业,21.216,20.987,21.345,20.587,108420.0
2022-03-31,605507,国邦药业,20.802,20.195,21.202,20.18,110130.0
2022-04-01,605507,国邦药业,19.83,19.509,19.995,19.387,67046.0
2022-04-06,605507,国邦药业,19.659,19.573,19.923,19.43,43736.0
2022-04-07,605507,国邦药业,19.573,18.695,19.573,18.573,58258.0
2022-04-08,605507,国邦药业,18.687,18.445,18.923,18.209,35700.0
2022-04-11,605507,国邦药业,18.445,18.023,18.616,17.809,36303.0
2022-04-12,605507,国邦药业,18.002,18.287,18.323,17.93,25208.0
2022-04-13,605507,国邦药业,18.302,17.402,18.316,17.352,47857.0
2022-04-14,605507,国邦药业,17.523,17.623,17.795,17.459,22237.0
2022-04-15,605507,国邦药业,17.43,17.666,17.787,17.302,23847.0
2022-04-18,605507,国邦药业,17.58,17.759,17.83,17.266,20940.0
2022-04-19,605507,国邦药业,17.766,17.602,17.859,17.502,16354.0
2022-04-20,605507,国邦药业,17.587,17.045,17.773,16.937,26643.0
2022-04-21,605507,国邦药业,16.959,16.287,17.137,16.237,34821.0
2022-04-22,605507,国邦药业,16.287,15.895,16.33,15.845,23742.0
2022-04-25,605507,国邦药业,15.545,14.395,15.845,14.38,34315.0
2022-04-26,605507,国邦药业,14.359,13.859,14.68,13.737,28948.0
2022-04-27,605507,国邦药业,13.587,14.152,14.345,13.402,28571.0
2022-04-28,605507,国邦药业,14.28,14.202,14.923,14.059,33101.0
2022-04-29,605507,国邦药业,14.352,14.58,14.623,14.216,38170.0
2022-05-05,605507,国邦药业,14.502,14.723,14.923,14.316,34208.0
2022-05-06,605507,国邦药业,14.359,14.602,14.916,14.309,30574.0
2022-05-09,605507,国邦药业,14.623,14.959,14.987,14.623,29436.0
2022-05-10,605507,国邦药业,14.787,15.03,15.073,14.637,29921.0
2022-05-11,605507,国邦药业,14.952,14.966,15.466,14.909,36030.0
2022-05-12,605507,国邦药业,14.859,15.159,15.209,14.716,25304.0
2022-05-13,605507,国邦药业,15.18,15.323,15.452,15.116,24008.0
2022-05-16,605507,国邦药业,15.459,15.366,15.645,15.187,22263.0
2022-05-17,605507,国邦药业,15.216,15.216,15.459,14.759,29881.0
2022-05-18,605507,国邦药业,15.052,15.18,15.316,14.937,20126.0
2022-05-19,605507,国邦药业,14.93,15.009,15.145,14.83,19373.0
2022-05-20,605507,国邦药业,15.187,15.13,15.316,15.023,19572.0
2022-05-23,605507,国邦药业,15.202,15.587,15.645,15.187,27609.0
2022-05-24,605507,国邦药业,15.602,14.687,15.645,14.659,34045.0
2022-05-25,605507,国邦药业,14.88,14.809,14.93,14.566,15293.0
2022-05-26,605507,国邦药业,14.837,14.787,14.995,14.559,15969.0
2022-05-27,605507,国邦药业,14.787,14.723,14.945,14.652,14479.0
2022-05-30,605507,国邦药业,14.73,14.695,14.859,14.495,15243.0
2022-05-31,605507,国邦药业,14.759,15.009,15.102,14.502,23892.0
2022-06-01,605507,国邦药业,15.03,15.137,15.223,14.923,18164.0
2022-06-02,605507,国邦药业,15.18,15.145,15.223,14.937,15860.0
2022-06-06,605507,国邦药业,15.202,15.359,15.38,15.195,18217.0
2022-06-07,605507,国邦药业,15.452,15.502,15.53,15.237,22433.0
2022-06-08,605507,国邦药业,15.502,15.402,15.573,15.137,21415.0
2022-06-09,605507,国邦药业,15.373,15.13,15.38,15.052,14487.0
2022-06-10,605507,国邦药业,15.216,15.259,15.302,15.009,12416.0
2022-06-13,605507,国邦药业,15.345,15.316,15.359,15.087,15803.0
2022-06-14,605507,国邦药业,15.23,15.202,15.252,14.752,21750.0
2022-06-15,605507,国邦药业,15.202,15.295,15.473,15.159,20487.0
2022-06-16,605507,国邦药业,15.295,15.402,15.459,15.259,15885.0
2022-06-17,605507,国邦药业,15.287,15.373,15.409,15.109,14552.0
2022-06-20,605507,国邦药业,15.359,15.809,15.866,15.359,30358.0
2022-06-21,605507,国邦药业,15.823,15.566,15.823,15.437,19586.0
2022-06-22,605507,国邦药业,15.559,15.359,15.687,15.309,16907.0
2022-06-23,605507,国邦药业,15.337,15.487,15.53,15.245,12254.0
2022-06-24,605507,国邦药业,15.487,15.68,15.745,15.487,19589.0
2022-06-27,605507,国邦药业,15.723,15.687,15.895,15.616,19601.0
2022-06-28,605507,国邦药业,15.68,15.795,15.902,15.502,16908.0
2022-06-29,605507,国邦药业,15.916,15.537,15.916,15.53,18682.0
2022-06-30,605507,国邦药业,15.559,15.752,15.802,15.537,15751.0
2022-07-01,605507,国邦药业,15.737,15.737,15.83,15.587,12932.0
2022-07-04,605507,国邦药业,15.752,15.945,15.995,15.695,18722.0
2022-07-05,605507,国邦药业,15.937,15.766,15.945,15.58,21059.0
2022-07-06,605507,国邦药业,15.68,15.609,15.83,15.545,14058.0
2022-07-07,605507,国邦药业,15.609,15.516,15.652,15.502,12737.0
2022-07-08,605507,国邦药业,15.502,15.623,15.773,15.487,13184.0
2022-07-11,605507,国邦药业,15.645,15.737,15.902,15.559,23958.0
2022-07-12,605507,国邦药业,15.652,15.202,15.666,15.202,22168.0
2022-07-13,605507,国邦药业,15.23,15.195,15.302,15.13,11593.0
2022-07-14,605507,国邦药业,15.23,15.38,15.416,15.145,11229.0
2022-07-15,605507,国邦药业,15.295,15.145,15.43,15.13,10880.0
2022-07-18,605507,国邦药业,15.023,15.316,15.352,15.023,9950.0
2022-07-19,605507,国邦药业,15.352,15.83,15.916,15.245,27420.0
2022-07-20,605507,国邦药业,15.83,15.837,15.895,15.723,17516.0
2022-07-21,605507,国邦药业,15.823,15.63,15.823,15.609,17716.0
2022-07-22,605507,国邦药业,15.737,15.48,15.816,15.359,14725.0
2022-07-25,605507,国邦药业,15.48,15.366,15.63,15.337,11518.0
2022-07-26,605507,国邦药业,15.43,15.345,15.452,15.187,12243.0
2022-07-27,605507,国邦药业,15.295,15.487,15.502,15.266,12515.0
2022-07-28,605507,国邦药业,15.502,15.423,15.573,15.409,11365.0
2022-07-29,605507,国邦药业,15.423,15.323,15.537,15.302,12002.0
2022-08-01,605507,国邦药业,15.323,15.202,15.345,15.187,11369.0
2022-08-02,605507,国邦药业,14.995,14.137,14.995,13.773,41947.0
2022-08-03,605507,国邦药业,14.202,14.009,14.366,13.995,14435.0
2022-08-04,605507,国邦药业,14.066,14.145,14.23,13.916,11239.0
2022-08-05,605507,国邦药业,14.152,14.287,14.295,14.123,12928.0
2022-08-08,605507,国邦药业,14.416,14.373,14.502,14.345,18133.0
2022-08-09,605507,国邦药业,14.373,14.209,14.43,14.087,21584.0
2022-08-10,605507,国邦药业,14.195,13.966,14.195,13.909,20730.0
2022-08-11,605507,国邦药业,14.016,14.195,14.33,14.009,29177.0
2022-08-12,605507,国邦药业,14.216,14.245,14.495,14.173,34278.0
2022-08-15,605507,国邦药业,14.287,14.166,14.309,14.059,14636.0
2022-08-16,605507,国邦药业,14.202,14.259,14.273,14.166,16036.0
2022-08-17,605507,国邦药业,14.216,14.316,14.33,14.216,16845.0
2022-08-18,605507,国邦药业,14.323,14.216,14.323,14.159,11670.0
2022-08-19,605507,国邦药业,14.216,14.18,14.323,14.18,14307.0
2022-08-22,605507,国邦药业,15.123,15.487,15.645,14.63,122166.0
2022-08-23,605507,国邦药业,15.545,15.673,15.895,15.352,80136.0
2022-08-24,605507,国邦药业,15.602,15.366,15.802,15.259,52134.0
2022-08-25,605507,国邦药业,15.33,15.787,15.923,15.323,55103.0
2022-08-26,605507,国邦药业,15.652,15.966,16.002,15.573,50532.0
2022-08-29,605507,国邦药业,15.93,16.795,16.916,15.709,83479.0
2022-08-30,605507,国邦药业,16.609,16.609,16.866,16.395,51714.0
2022-08-31,605507,国邦药业,16.573,16.073,16.716,16.002,44691.0
2022-09-01,605507,国邦药业,16.102,16.209,16.53,15.873,40634.0
2022-09-02,605507,国邦药业,16.18,15.923,16.345,15.816,35120.0
2022-09-05,605507,国邦药业,16.116,15.966,16.116,15.752,26749.0
2022-09-06,605507,国邦药业,16.059,16.645,16.709,15.88,52949.0
2022-09-07,605507,国邦药业,16.93,17.123,17.716,16.716,90244.0
2022-09-08,605507,国邦药业,17.123,17.002,17.595,16.723,62313.0
2022-09-09,605507,国邦药业,16.816,16.937,17.152,16.802,27478.0
2022-09-13,605507,国邦药业,16.873,17.123,17.395,16.773,34861.0
2022-09-14,605507,国邦药业,16.866,17.037,17.352,16.666,26446.0
2022-09-15,605507,国邦药业,17.237,16.852,17.252,16.595,27518.0
2022-09-16,605507,国邦药业,16.766,16.33,16.959,16.302,29797.0
2022-09-19,605507,国邦药业,16.359,16.359,16.73,16.037,27689.0
2022-09-20,605507,国邦药业,16.359,16.016,16.616,15.895,22520.0
2022-09-21,605507,国邦药业,15.902,16.152,16.302,15.787,22771.0
2022-09-22,605507,国邦药业,16.159,15.859,16.295,15.845,18306.0
2022-09-23,605507,国邦药业,15.823,15.28,16.13,15.216,23848.0
2022-09-26,605507,国邦药业,15.359,15.309,15.895,15.145,21770.0
2022-09-27,605507,国邦药业,15.623,16.287,16.287,15.387,44062.0
2022-09-28,605507,国邦药业,16.209,16.273,16.545,16.166,38286.0
2022-09-29,605507,国邦药业,16.416,16.502,16.852,16.28,34535.0
2022-09-30,605507,国邦药业,16.495,16.809,16.895,16.43,32547.0
2022-10-10,605507,国邦药业,16.837,16.973,17.223,16.752,40685.0
2022-10-11,605507,国邦药业,16.795,16.752,16.98,16.43,20876.0
2022-10-12,605507,国邦药业,16.766,17.273,17.28,16.502,35293.0
2022-10-13,605507,国邦药业,17.18,17.666,17.845,17.08,44452.0
2022-10-14,605507,国邦药业,17.566,18.602,18.859,17.566,83938.0
2022-10-17,605507,国邦药业,18.573,18.509,18.695,18.287,51476.0
2022-10-18,605507,国邦药业,18.645,19.166,19.359,18.216,77182.0
2022-10-19,605507,国邦药业,19.566,18.216,21.202,17.78,146447.0
2022-10-20,605507,国邦药业,18.473,17.309,18.673,17.287,90951.0
2022-10-21,605507,国邦药业,17.316,17.859,17.98,17.28,62023.0
2022-10-24,605507,国邦药业,17.787,17.787,18.095,17.416,56734.0
2022-10-25,605507,国邦药业,17.58,17.109,17.787,16.88,43489.0
2022-10-26,605507,国邦药业,16.873,17.937,18.387,16.43,54189.0
2022-10-27,605507,国邦药业,18.016,18.237,18.359,17.666,40881.0
2022-10-28,605507,国邦药业,18.145,17.895,18.387,17.752,30997.0
2022-10-31,605507,国邦药业,17.752,18.173,18.337,17.559,39083.0
2022-11-01,605507,国邦药业,18.145,18.23,18.337,17.702,36377.0
2022-11-02,605507,国邦药业,18.28,18.98,19.202,18.116,68859.0
2022-11-03,605507,国邦药业,18.723,19.052,19.28,18.645,36630.0
2022-11-04,605507,国邦药业,19.002,18.866,19.416,18.787,37264.0
2022-11-07,605507,国邦药业,18.866,19.887,20.002,18.859,81380.0
2022-11-08,605507,国邦药业,19.93,19.93,20.866,19.859,106272.0
2022-11-09,605507,国邦药业,19.966,20.702,20.852,19.723,64558.0
2022-11-10,605507,国邦药业,20.687,20.359,21.259,20.28,64324.0
2022-11-11,605507,国邦药业,20.359,20.359,21.173,20.095,50563.0
2022-11-14,605507,国邦药业,20.259,20.966,21.145,19.787,52748.0
2022-11-15,605507,国邦药业,20.959,20.573,20.959,20.287,28144.0
2022-11-16,605507,国邦药业,20.645,20.33,20.68,19.895,50335.0
2022-11-17,605507,国邦药业,20.316,20.209,20.695,20.052,24014.0
2022-11-18,605507,国邦药业,20.137,20.037,20.495,19.837,24937.0
2022-11-21,605507,国邦药业,19.945,19.959,20.037,19.437,19174.0
2022-11-22,605507,国邦药业,19.83,19.445,20.387,19.216,29486.0
2022-11-23,605507,国邦药业,19.666,19.38,19.723,18.873,26851.0
2022-11-24,605507,国邦药业,19.237,19.345,19.487,19.073,20655.0
2022-11-25,605507,国邦药业,19.509,19.366,19.837,19.052,18980.0
2022-11-28,605507,国邦药业,19.495,19.173,19.68,19.073,23038.0
2022-11-29,605507,国邦药业,19.195,19.195,19.395,19.066,14388.0
2022-11-30,605507,国邦药业,19.487,19.316,19.766,19.166,31700.0
2022-12-01,605507,国邦药业,19.323,18.902,19.43,18.859,38372.0
2022-12-02,605507,国邦药业,18.902,18.98,19.23,18.859,16027.0
2022-12-05,605507,国邦药业,19.009,19.209,19.402,18.773,24208.0
2022-12-06,605507,国邦药业,19.145,18.93,19.323,18.909,16443.0
2022-12-07,605507,国邦药业,18.859,18.709,19.016,18.587,29876.0
2022-12-08,605507,国邦药业,18.652,18.402,18.852,18.359,19167.0
2022-12-09,605507,国邦药业,18.559,18.637,18.752,18.252,26758.0
2022-12-12,605507,国邦药业,18.787,19.259,19.487,18.616,41432.0
2022-12-13,605507,国邦药业,19.159,18.73,19.309,18.466,26567.0
2022-12-14,605507,国邦药业,18.752,18.437,18.909,18.38,16123.0
2022-12-15,605507,国邦药业,18.437,18.08,18.573,17.98,15667.0
2022-12-16,605507,国邦药业,18.016,18.673,18.837,18.016,19034.0
2022-12-19,605507,国邦药业,18.837,17.787,18.916,17.702,19220.0
2022-12-20,605507,国邦药业,17.737,17.63,17.973,17.416,16031.0
2022-12-21,605507,国邦药业,17.63,17.18,17.745,17.095,17988.0
2022-12-22,605507,国邦药业,17.187,16.702,17.302,16.645,16844.0
2022-12-23,605507,国邦药业,16.737,17.08,17.18,16.737,11425.0
2022-12-26,605507,国邦药业,17.08,17.116,17.33,16.78,11371.0
2022-12-27,605507,国邦药业,17.33,17.023,17.33,16.595,11310.0
2022-12-28,605507,国邦药业,16.987,17.08,17.237,16.895,12652.0
2022-12-29,605507,国邦药业,16.859,17.252,17.423,16.859,10414.0
2022-12-30,605507,国邦药业,17.423,17.409,17.452,17.002,12882.0
2023-01-03,605507,国邦药业,17.466,17.873,18.002,17.373,18948.0
2023-01-04,605507,国邦药业,17.802,18.266,18.302,17.716,18911.0
2023-01-05,605507,国邦药业,18.216,17.866,18.409,17.823,22948.0
2023-01-06,605507,国邦药业,17.802,17.645,17.852,17.473,25511.0
2023-01-09,605507,国邦药业,17.645,18.352,18.416,17.58,25547.0
2023-01-10,605507,国邦药业,18.352,18.352,18.559,18.102,11944.0
2023-01-11,605507,国邦药业,18.273,18.28,18.602,18.252,9079.0
2023-01-12,605507,国邦药业,18.28,17.973,18.345,17.966,7188.0
2023-01-13,605507,国邦药业,18.202,18.23,18.273,17.88,8898.0
2023-01-16,605507,国邦药业,18.237,17.966,18.616,17.859,30488.0
2023-01-17,605507,国邦药业,17.966,17.845,18.145,17.816,17910.0
2023-01-18,605507,国邦药业,17.902,17.852,17.902,17.666,11562.0
2023-01-19,605507,国邦药业,17.716,18.337,18.509,17.68,18319.0
2023-01-20,605507,国邦药业,18.03,18.473,18.566,18.03,18137.0
2023-01-30,605507,国邦药业,18.573,17.802,18.687,17.766,28052.0
2023-01-31,605507,国邦药业,17.887,18.023,18.052,17.687,17443.0
2023-02-01,605507,国邦药业,18.023,17.959,18.216,17.895,24502.0
2023-02-02,605507,国邦药业,17.93,19.002,19.537,17.916,52398.0
2023-02-03,605507,国邦药业,18.559,18.873,19.202,18.223,43819.0
2023-02-06,605507,国邦药业,18.737,18.216,18.952,18.195,24022.0
2023-02-07,605507,国邦药业,18.309,17.709,18.573,17.673,26563.0
2023-02-08,605507,国邦药业,17.773,17.387,17.837,17.33,21521.0
2023-02-09,605507,国邦药业,17.459,17.23,17.487,17.116,38818.0
2023-02-10,605507,国邦药业,17.187,16.837,17.259,16.695,50865.0
2023-02-13,605507,国邦药业,16.787,17.18,17.187,16.752,34623.0
2023-02-14,605507,国邦药业,17.145,17.537,17.595,17.095,36962.0
2023-02-15,605507,国邦药业,17.466,17.073,17.602,16.937,51062.0
2023-02-16,605507,国邦药业,17.002,16.952,17.259,16.802,36468.0
2023-02-17,605507,国邦药业,16.952,16.873,17.045,16.787,27508.0
2023-02-20,605507,国邦药业,16.823,16.852,16.902,16.602,28435.0
2023-02-21,605507,国邦药业,16.852,16.795,16.966,16.68,24554.0
2023-02-22,605507,国邦药业,16.723,16.93,16.959,16.709,16075.0
2023-02-23,605507,国邦药业,16.93,16.795,17.052,16.645,21731.0
2023-02-24,605507,国邦药业,16.716,16.709,16.852,16.623,17578.0
2023-02-27,605507,国邦药业,16.695,16.309,16.787,16.195,27924.0
2023-02-28,605507,国邦药业,16.359,16.609,16.609,16.302,28801.0
2023-03-01,605507,国邦药业,16.623,16.537,16.623,16.309,21370.0
2023-03-02,605507,国邦药业,16.537,16.445,16.537,16.387,15280.0
2023-03-03,605507,国邦药业,16.416,16.487,16.545,16.359,15806.0
2023-03-06,605507,国邦药业,16.487,16.587,16.595,16.416,16429.0
2023-03-07,605507,国邦药业,16.587,16.459,16.823,16.402,27464.0
2023-03-08,605507,国邦药业,16.43,16.43,16.53,16.337,14478.0
2023-03-09,605507,国邦药业,16.395,16.38,16.466,16.359,14038.0
2023-03-10,605507,国邦药业,16.345,16.13,16.359,15.995,27062.0
2023-03-13,605507,国邦药业,16.13,16.252,16.287,16.009,16583.0
2023-03-14,605507,国邦药业,16.252,16.109,16.387,16.009,16481.0
2023-03-15,605507,国邦药业,16.216,16.409,16.509,16.145,18487.0
2023-03-16,605507,国邦药业,16.352,16.095,16.43,16.023,18847.0
2023-03-17,605507,国邦药业,16.173,15.702,16.28,15.702,30487.0
2023-03-20,605507,国邦药业,15.737,15.309,15.852,15.216,33126.0
2023-03-21,605507,国邦药业,15.352,15.73,15.737,15.295,17483.0
2023-03-22,605507,国邦药业,15.759,15.795,15.923,15.652,12053.0
2023-03-23,605507,国邦药业,15.887,15.659,15.887,15.63,14984.0
2023-03-24,605507,国邦药业,15.73,15.445,15.823,15.352,25718.0
2023-03-27,605507,国邦药业,15.445,15.516,15.573,15.23,15293.0
2023-03-28,605507,国邦药业,15.523,15.702,15.923,15.452,18461.0
2023-03-29,605507,国邦药业,15.702,15.437,15.766,15.359,23053.0
2023-03-30,605507,国邦药业,15.466,15.373,15.509,15.28,14680.0
2023-03-31,605507,国邦药业,15.416,15.716,15.752,15.416,21831.0
2023-04-03,605507,国邦药业,15.723,15.595,15.973,15.566,26576.0
2023-04-04,605507,国邦药业,15.595,15.573,15.723,15.423,25160.0
2023-04-06,605507,国邦药业,15.48,15.687,15.823,15.48,20609.0
2023-04-07,605507,国邦药业,15.716,16.023,16.116,15.687,29714.0
2023-04-10,605507,国邦药业,16.116,16.13,16.337,16.037,28567.0
2023-04-11,605507,国邦药业,16.237,16.102,16.402,15.959,27808.0
2023-04-12,605507,国邦药业,16.102,16.037,16.266,15.923,20451.0
2023-04-13,605507,国邦药业,16.116,16.366,16.437,15.966,37824.0
2023-04-14,605507,国邦药业,16.387,16.309,16.48,16.166,29393.0
2023-04-17,605507,国邦药业,16.037,15.387,16.109,15.28,87881.0
2023-04-18,605507,国邦药业,15.387,15.23,15.423,15.209,41728.0
2023-04-19,605507,国邦药业,15.23,15.087,15.28,15.073,29339.0
2023-04-20,605507,国邦药业,15.023,15.08,15.187,15.002,25111.0
2023-04-21,605507,国邦药业,15.095,14.852,15.102,14.809,26057.0
2023-04-24,605507,国邦药业,14.845,14.752,14.959,14.709,21556.0
2023-04-25,605507,国邦药业,14.695,14.495,14.802,14.38,29468.0
2023-04-26,605507,国邦药业,14.437,14.616,14.745,14.395,22203.0
2023-04-27,605507,国邦药业,14.552,14.923,14.937,14.545,27478.0
2023-04-28,605507,国邦药业,14.916,15.045,15.223,14.795,29895.0
2023-05-04,605507,国邦药业,14.966,15.059,15.123,14.895,19819.0
2023-05-05,605507,国邦药业,15.059,14.752,15.073,14.573,23542.0
2023-05-08,605507,国邦药业,14.823,14.866,14.916,14.752,15822.0
2023-05-09,605507,国邦药业,14.859,14.695,14.923,14.68,17557.0
2023-05-10,605507,国邦药业,14.702,14.716,14.795,14.645,10888.0
2023-05-11,605507,国邦药业,14.795,14.787,14.859,14.673,11451.0
2023-05-12,605507,国邦药业,14.787,14.659,14.852,14.609,13659.0
2023-05-15,605507,国邦药业,14.645,14.673,14.695,14.473,13445.0
2023-05-16,605507,国邦药业,14.645,14.745,14.837,14.645,15322.0
2023-05-17,605507,国邦药业,14.652,14.723,14.795,14.609,12692.0
2023-05-18,605507,国邦药业,14.759,14.752,14.809,14.709,10572.0
2023-05-19,605507,国邦药业,14.73,14.78,14.88,14.623,17692.0
2023-05-22,605507,国邦药业,14.809,14.909,15.016,14.809,14298.0
2023-05-23,605507,国邦药业,15.002,14.973,15.087,14.923,16180.0
2023-05-24,605507,国邦药业,14.973,15.03,15.066,14.866,14069.0
2023-05-25,605507,国邦药业,15.002,14.916,15.123,14.83,9973.0
2023-05-26,605507,国邦药业,14.866,14.98,15.016,14.859,14849.0
2023-05-29,605507,国邦药业,15.002,14.959,15.095,14.873,12468.0
2023-05-30,605507,国邦药业,14.959,14.952,15.037,14.83,13394.0
2023-05-31,605507,国邦药业,14.88,14.866,15.059,14.852,15660.0
2023-06-01,605507,国邦药业,14.859,14.873,14.952,14.787,11341.0
2023-06-02,605507,国邦药业,14.923,14.873,14.923,14.823,9387.0
2023-06-05,605507,国邦药业,14.845,14.937,14.98,14.795,15095.0
2023-06-06,605507,国邦药业,14.895,14.587,14.902,14.587,21037.0
2023-06-07,605507,国邦药业,14.509,14.337,14.566,14.337,15103.0
2023-06-08,605507,国邦药业,14.38,14.223,14.38,14.216,10505.0
2023-06-09,605507,国邦药业,14.23,14.273,14.309,14.195,10836.0
2023-06-12,605507,国邦药业,14.209,14.195,14.252,14.059,14909.0
2023-06-13,605507,国邦药业,14.195,14.116,14.266,14.095,9522.0
2023-06-14,605507,国邦药业,14.13,14.08,14.152,14.066,8677.0
2023-06-15,605507,国邦药业,14.123,14.095,14.123,13.973,12082.0
2023-06-16,605507,国邦药业,14.13,14.116,14.245,14.073,11558.0
2023-06-19,605507,国邦药业,14.145,13.98,14.173,13.973,15327.0
2023-06-20,605507,国邦药业,14.016,13.859,14.016,13.859,12535.0
2023-06-21,605507,国邦药业,13.845,13.916,14.002,13.752,13373.0
2023-06-26,605507,国邦药业,13.923,14.03,14.137,13.88,21155.0
2023-06-27,605507,国邦药业,14.023,14.009,14.066,13.93,11680.0
2023-06-28,605507,国邦药业,14.03,13.895,14.03,13.83,10810.0
2023-06-29,605507,国邦药业,13.93,14.016,14.066,13.823,14562.0
2023-06-30,605507,国邦药业,14.009,14.123,14.202,13.987,13585.0
2023-07-03,605507,国邦药业,14.109,14.152,14.202,14.08,16005.0
2023-07-04,605507,国邦药业,14.123,14.287,14.337,14.087,14667.0
2023-07-05,605507,国邦药业,14.28,14.202,14.323,14.18,11970.0
2023-07-06,605507,国邦药业,14.18,14.116,14.237,14.095,8050.0
2023-07-07,605507,国邦药业,14.08,14.123,14.209,14.045,9002.0
2023-07-10,605507,国邦药业,14.202,14.109,14.252,14.08,10700.0
2023-07-11,605507,国邦药业,14.13,14.159,14.18,14.059,10739.0
2023-07-12,605507,国邦药业,14.137,14.152,14.202,14.116,8373.0
2023-07-13,605507,国邦药业,14.152,14.237,14.309,14.152,12099.0
2023-07-14,605507,国邦药业,14.252,14.123,14.302,14.095,14245.0
2023-07-17,605507,国邦药业,14.13,14.137,14.159,14.023,10345.0
2023-07-18,605507,国邦药业,14.18,14.287,14.287,14.109,14808.0
2023-07-19,605507,国邦药业,14.273,14.437,14.473,14.202,18882.0
2023-07-20,605507,国邦药业,14.509,14.345,14.509,14.33,12379.0
2023-07-21,605507,国邦药业,14.309,14.423,14.48,14.309,10846.0
2023-07-24,605507,国邦药业,14.416,14.752,14.845,14.359,32270.0
2023-07-25,605507,国邦药业,14.787,14.787,14.859,14.702,24632.0
2023-07-26,605507,国邦药业,14.787,14.809,14.93,14.737,25703.0
2023-07-27,605507,国邦药业,14.816,14.759,14.909,14.723,28014.0
2023-07-28,605507,国邦药业,14.716,14.68,14.795,14.637,32509.0
2023-07-31,605507,国邦药业,14.43,14.073,14.473,14.023,71042.0
2023-08-01,605507,国邦药业,14.066,13.866,14.066,13.759,47913.0
2023-08-02,605507,国邦药业,13.837,13.823,13.902,13.787,18526.0
2023-08-03,605507,国邦药业,13.845,13.966,14.002,13.809,16037.0
2023-08-04,605507,国邦药业,13.973,13.937,14.016,13.93,16810.0
2023-08-07,605507,国邦药业,13.93,13.809,13.93,13.795,14938.0
2023-08-08,605507,国邦药业,13.787,13.78,13.873,13.773,15552.0
2023-08-09,605507,国邦药业,13.787,13.93,13.973,13.766,16791.0
2023-08-10,605507,国邦药业,13.93,13.887,13.966,13.845,10847.0
2023-08-11,605507,国邦药业,13.866,13.809,13.966,13.802,14303.0
2023-08-14,605507,国邦药业,13.773,13.58,13.809,13.53,26071.0
2023-08-15,605507,国邦药业,13.602,13.68,13.68,13.452,14282.0
2023-08-16,605507,国邦药业,13.68,13.73,13.902,13.63,16104.0
2023-08-17,605507,国邦药业,13.716,13.78,13.816,13.645,8586.0
2023-08-18,605507,国邦药业,13.787,13.58,13.816,13.559,12176.0
2023-08-21,605507,国邦药业,13.559,13.466,13.609,13.459,11192.0
2023-08-22,605507,国邦药业,13.466,13.359,13.559,13.187,17928.0
2023-08-23,605507,国邦药业,13.402,13.223,13.402,13.223,8346.0
2023-08-24,605507,国邦药业,13.23,13.195,13.309,13.159,16782.0
2023-08-25,605507,国邦药业,13.145,13.023,13.223,12.945,13715.0
2023-08-28,605507,国邦药业,13.645,13.123,13.73,13.095,17818.0
2023-08-29,605507,国邦药业,13.087,13.43,13.452,13.052,14704.0
2023-08-30,605507,国邦药业,13.395,13.352,13.487,13.323,13068.0
2023-08-31,605507,国邦药业,13.352,13.345,13.43,13.223,8794.0
2023-09-01,605507,国邦药业,13.345,13.402,13.416,13.295,8256.0
2023-09-04,605507,国邦药业,13.416,13.445,13.48,13.323,9060.0
2023-09-05,605507,国邦药业,13.416,13.423,13.487,13.402,7473.0
2023-09-06,605507,国邦药业,13.452,13.43,13.48,13.287,6791.0
2023-09-07,605507,国邦药业,13.359,13.259,13.409,13.245,7668.0
2023-09-08,605507,国邦药业,13.259,13.187,13.345,13.173,7998.0
2023-09-11,605507,国邦药业,13.216,13.437,13.466,13.159,13845.0
2023-09-12,605507,国邦药业,13.43,13.473,13.523,13.387,8468.0
2023-09-13,605507,国邦药业,13.495,13.437,13.523,13.352,11825.0
2023-09-14,605507,国邦药业,13.437,13.409,13.495,13.345,6242.0
2023-09-15,605507,国邦药业,13.366,13.459,13.587,13.366,16841.0
2023-09-18,605507,国邦药业,13.445,13.773,13.852,13.43,35398.0
2023-09-19,605507,国邦药业,13.78,13.666,13.816,13.652,8975.0
2023-09-20,605507,国邦药业,13.623,13.637,13.78,13.623,8626.0
2023-09-21,605507,国邦药业,13.595,13.523,13.673,13.509,7484.0
2023-09-22,605507,国邦药业,13.537,13.666,13.68,13.43,8534.0
2023-09-25,605507,国邦药业,13.68,13.845,13.873,13.609,17434.0
2023-09-26,605507,国邦药业,13.816,13.723,13.859,13.702,7384.0
2023-09-27,605507,国邦药业,13.666,13.895,13.973,13.666,15634.0
2023-09-28,605507,国邦药业,13.837,13.895,13.959,13.816,12403.0
2023-10-09,605507,国邦药业,13.93,13.78,13.93,13.709,9632.0
2023-10-10,605507,国邦药业,13.837,13.616,13.866,13.609,9451.0
2023-10-11,605507,国邦药业,13.623,13.752,13.987,13.623,17606.0
2023-10-12,605507,国邦药业,13.737,13.837,14.002,13.73,12508.0
2023-10-13,605507,国邦药业,13.88,14.002,14.052,13.745,23734.0
2023-10-16,605507,国邦药业,14.037,13.945,14.123,13.895,22710.0
2023-10-17,605507,国邦药业,13.945,13.745,13.98,13.645,16573.0
2023-10-18,605507,国邦药业,13.759,13.259,13.787,13.237,21868.0
2023-10-19,605507,国邦药业,13.052,12.616,13.052,12.423,32905.0
2023-10-20,605507,国邦药业,12.609,12.487,12.609,12.445,16801.0
2023-10-23,605507,国邦药业,12.53,12.323,12.602,12.295,16355.0
2023-10-24,605507,国邦药业,12.302,12.587,12.745,12.273,17328.0
2023-10-25,605507,国邦药业,12.637,12.53,12.702,12.523,14382.0
2023-10-26,605507,国邦药业,12.516,12.466,12.545,12.366,13639.0
2023-10-27,605507,国邦药业,12.459,12.916,12.973,12.366,26536.0
2023-10-30,605507,国邦药业,12.887,13.109,13.187,12.873,14528.0
2023-10-31,605507,国邦药业,13.13,13.145,13.209,13.059,13879.0
2023-11-01,605507,国邦药业,13.216,13.13,13.223,12.909,13394.0
2023-11-02,605507,国邦药业,13.187,13.073,13.195,13.023,8441.0
2023-11-03,605507,国邦药业,13.002,12.959,13.173,12.959,13303.0
2023-11-06,605507,国邦药业,13.002,13.23,13.259,13.002,20229.0
2023-11-07,605507,国邦药业,13.266,13.102,13.273,13.087,15052.0
2023-11-08,605507,国邦药业,13.102,13.037,13.209,12.973,18168.0
2023-11-09,605507,国邦药业,12.973,12.88,13.123,12.823,22525.0
2023-11-10,605507,国邦药业,12.837,12.852,13.016,12.723,18770.0
2023-11-13,605507,国邦药业,12.873,12.723,12.995,12.566,21836.0
2023-11-14,605507,国邦药业,12.695,12.716,12.837,12.659,12140.0
2023-11-15,605507,国邦药业,12.773,12.745,12.895,12.73,20859.0
2023-11-16,605507,国邦药业,12.737,12.587,12.802,12.566,19475.0
2023-11-17,605507,国邦药业,12.559,12.745,12.766,12.53,22860.0
2023-11-20,605507,国邦药业,12.723,12.802,12.873,12.702,24459.0
2023-11-21,605507,国邦药业,12.823,12.866,12.93,12.787,22679.0
2023-11-22,605507,国邦药业,12.852,12.795,12.909,12.787,14990.0
2023-11-23,605507,国邦药业,12.895,13.052,13.059,12.859,33672.0
2023-11-24,605507,国邦药业,13.145,13.359,13.587,13.116,72205.0
2023-11-27,605507,国邦药业,13.33,12.93,13.523,12.923,51966.0
2023-11-28,605507,国邦药业,13.002,13.087,13.18,12.652,38905.0
2023-11-29,605507,国邦药业,13.059,12.852,13.087,12.83,22134.0
2023-11-30,605507,国邦药业,12.845,12.859,12.909,12.73,17241.0
2023-12-01,605507,国邦药业,12.873,12.837,12.93,12.766,16127.0
2023-12-04,605507,国邦药业,12.809,12.723,12.895,12.609,19558.0
2023-12-05,605507,国邦药业,12.652,12.559,12.723,12.545,23185.0
2023-12-06,605507,国邦药业,12.573,12.666,12.787,12.466,18439.0
2023-12-07,605507,国邦药业,12.666,12.537,12.666,12.523,16944.0
2023-12-08,605507,国邦药业,12.566,12.423,12.566,12.416,20123.0
2023-12-11,605507,国邦药业,12.373,12.38,12.395,12.152,20731.0
2023-12-12,605507,国邦药业,12.38,12.409,12.473,12.309,14187.0
2023-12-13,605507,国邦药业,12.345,12.452,12.637,12.33,18102.0
2023-12-14,605507,国邦药业,12.416,12.366,12.559,12.359,13654.0
2023-12-15,605507,国邦药业,12.373,12.152,12.416,12.116,22946.0
2023-12-18,605507,国邦药业,12.087,11.887,12.137,11.845,22147.0
2023-12-19,605507,国邦药业,11.852,11.695,11.895,11.616,23356.0
2023-12-20,605507,国邦药业,11.695,11.68,11.787,11.652,13089.0
2023-12-21,605507,国邦药业,11.666,11.809,11.816,11.495,15843.0
2023-12-22,605507,国邦药业,11.809,11.723,11.809,11.666,11014.0
2023-12-25,605507,国邦药业,11.387,11.059,11.559,10.937,42851.0
2023-12-26,605507,国邦药业,11.023,10.987,11.13,10.973,13255.0
2023-12-27,605507,国邦药业,10.987,11.13,11.137,10.916,13332.0
2023-12-28,605507,国邦药业,11.13,11.309,11.366,11.066,18232.0
2023-12-29,605507,国邦药业,11.309,11.473,11.495,11.266,14479.0
2024-01-02,605507,国邦药业,11.509,11.53,11.602,11.452,14559.0
2024-01-03,605507,国邦药业,11.53,11.652,11.709,11.495,15940.0
2024-01-04,605507,国邦药业,11.673,11.545,11.673,11.43,16179.0
2024-01-05,605507,国邦药业,11.516,11.366,11.559,11.309,13049.0
2024-01-08,605507,国邦药业,11.323,11.073,11.33,11.073,14155.0
2024-01-09,605507,国邦药业,11.095,11.137,11.259,11.023,17419.0
2024-01-10,605507,国邦药业,11.137,11.123,11.216,10.98,11860.0
2024-01-11,605507,国邦药业,11.152,11.23,11.252,11.073,14084.0
2024-01-12,605507,国邦药业,11.195,11.08,11.28,11.073,15313.0
2024-01-15,605507,国邦药业,11.045,10.987,11.08,10.909,15547.0
2024-01-16,605507,国邦药业,10.973,10.852,11.037,10.737,18281.0
2024-01-17,605507,国邦药业,10.83,10.537,10.859,10.53,17903.0
2024-01-18,605507,国邦药业,10.502,10.302,10.573,10.073,28906.0
2024-01-19,605507,国邦药业,10.259,10.33,10.48,10.237,17297.0
2024-01-22,605507,国邦药业,10.337,9.73,10.352,9.652,23017.0
2024-01-23,605507,国邦药业,9.752,9.909,9.966,9.702,21347.0
2024-01-24,605507,国邦药业,10.059,9.909,10.087,9.573,23837.0
2024-01-25,605507,国邦药业,9.909,10.266,10.28,9.852,25409.0
2024-01-26,605507,国邦药业,10.209,10.195,10.359,10.145,18421.0
2024-01-29,605507,国邦药业,10.216,10.152,10.552,10.116,25941.0
2024-01-30,605507,国邦药业,10.037,9.737,10.037,9.716,22391.0
2024-01-31,605507,国邦药业,9.666,9.373,9.816,9.302,24895.0
2024-02-01,605507,国邦药业,9.302,9.295,9.566,9.137,21653.0
2024-02-02,605507,国邦药业,9.259,8.973,9.395,8.695,35746.0
2024-02-05,605507,国邦药业,8.845,8.552,8.852,8.223,49198.0
2024-02-06,605507,国邦药业,8.566,9.402,9.437,8.309,43505.0
2024-02-07,605507,国邦药业,9.302,9.795,9.923,9.302,47549.0
2024-02-08,605507,国邦药业,9.802,10.166,10.352,9.68,48885.0
2024-02-19,605507,国邦药业,10.309,10.009,10.309,9.88,34506.0
2024-02-20,605507,国邦药业,9.987,10.059,10.145,9.909,22331.0
2024-02-21,605507,国邦药业,9.987,10.037,10.302,9.895,30740.0
2024-02-22,605507,国邦药业,10.037,10.059,10.13,9.973,23203.0
2024-02-23,605507,国邦药业,10.052,10.145,10.152,9.966,31016.0
2024-02-26,605507,国邦药业,10.116,10.287,10.395,10.052,37145.0
2024-02-27,605507,国邦药业,10.237,10.366,10.373,10.195,26119.0
2024-02-28,605507,国邦药业,10.366,10.08,10.687,10.073,45247.0
2024-02-29,605507,国邦药业,10.052,10.237,10.309,10.016,27578.0
2024-03-01,605507,国邦药业,10.28,10.209,10.302,10.145,18404.0
2024-03-04,605507,国邦药业,10.216,10.216,10.402,10.095,30751.0
2024-03-05,605507,国邦药业,10.159,9.973,10.166,9.916,27151.0
2024-03-06,605507,国邦药业,9.966,9.909,10.087,9.802,19740.0
2024-03-07,605507,国邦药业,9.916,9.845,9.987,9.809,16237.0
2024-03-08,605507,国邦药业,9.83,9.852,9.916,9.723,15589.0
2024-03-11,605507,国邦药业,9.859,9.973,9.987,9.78,16514.0
2024-03-12,605507,国邦药业,10.037,10.137,10.173,10.023,23199.0
2024-03-13,605507,国邦药业,10.095,10.109,10.159,9.966,19675.0
2024-03-14,605507,国邦药业,10.137,10.08,10.28,9.987,19928.0
2024-03-15,605507,国邦药业,10.052,10.095,10.13,10.002,19249.0
2024-03-18,605507,国邦药业,10.095,10.216,10.216,10.016,27413.0
2024-03-19,605507,国邦药业,10.195,10.18,10.266,10.166,19294.0
2024-03-20,605507,国邦药业,10.166,10.28,10.287,10.116,21382.0
2024-03-21,605507,国邦药业,10.287,10.23,10.316,10.137,20024.0
2024-03-22,605507,国邦药业,10.187,9.887,10.216,9.866,27715.0
2024-03-25,605507,国邦药业,9.852,9.645,9.909,9.645,22898.0
2024-03-26,605507,国邦药业,9.652,9.702,9.723,9.559,20128.0
2024-03-27,605507,国邦药业,9.652,9.545,9.752,9.53,17063.0
2024-03-28,605507,国邦药业,9.509,9.637,9.709,9.473,18671.0
2024-03-29,605507,国邦药业,9.609,9.702,9.702,9.595,14214.0
2024-04-01,605507,国邦药业,9.745,9.937,9.952,9.702,22154.0
2024-04-02,605507,国邦药业,9.937,10.03,10.045,9.845,22653.0
2024-04-03,605507,国邦药业,10.03,10.03,10.08,9.923,21613.0
2024-04-08,605507,国邦药业,9.987,9.866,10.037,9.859,21764.0
2024-04-09,605507,国邦药业,9.873,10.116,10.116,9.837,27618.0
2024-04-10,605507,国邦药业,10.087,10.023,10.159,9.909,28694.0
2024-04-11,605507,国邦药业,9.959,10.037,10.073,9.902,21613.0
2024-04-12,605507,国邦药业,10.023,9.98,10.137,9.959,24329.0
2024-04-15,605507,国邦药业,9.895,9.787,10.059,9.609,33577.0
2024-04-16,605507,国邦药业,10.359,10.873,10.873,10.173,237558.0
2024-04-17,605507,国邦药业,10.359,10.737,10.895,10.252,186034.0
2024-04-18,605507,国邦药业,10.795,10.516,11.023,10.487,118961.0
2024-04-19,605507,国邦药业,10.266,10.373,10.459,10.073,88859.0
2024-04-22,605507,国邦药业,10.316,10.509,10.716,10.295,82631.0
2024-04-23,605507,国邦药业,10.402,10.352,10.63,10.273,58716.0
2024-04-24,605507,国邦药业,10.302,10.409,10.43,10.152,47683.0
2024-04-25,605507,国邦药业,10.352,10.502,10.63,10.323,49749.0
2024-04-26,605507,国邦药业,10.366,10.545,10.552,10.366,52236.0
2024-04-29,605507,国邦药业,10.545,10.695,10.709,10.437,55194.0
2024-04-30,605507,国邦药业,10.659,10.83,10.952,10.623,66325.0
2024-05-06,605507,国邦药业,11.059,11.345,11.366,10.973,97718.0
2024-05-07,605507,国邦药业,11.43,11.83,12.252,11.33,163220.0
2024-05-08,605507,国邦药业,11.645,11.673,11.852,11.395,106516.0
2024-05-09,605507,国邦药业,11.473,11.673,11.773,11.366,91714.0
2024-05-10,605507,国邦药业,11.623,11.395,11.916,11.323,102625.0
2024-05-13,605507,国邦药业,11.223,11.645,11.673,11.223,77985.0
2024-05-14,605507,国邦药业,11.559,11.987,12.066,11.502,79366.0
2024-05-15,605507,国邦药业,11.945,11.802,12.073,11.773,59680.0
2024-05-16,605507,国邦药业,11.787,12.037,12.137,11.702,56022.0
2024-05-17,605507,国邦药业,11.98,12.28,12.402,11.959,81932.0
2024-05-20,605507,国邦药业,12.309,12.223,12.423,12.087,48763.0
2024-05-21,605507,国邦药业,12.145,12.137,12.266,12.08,32064.0
2024-05-22,605507,国邦药业,12.109,12.052,12.216,11.973,32841.0
2024-05-23,605507,国邦药业,12.052,11.773,12.095,11.652,44021.0
2024-05-24,605507,国邦药业,11.873,11.83,11.93,11.716,27832.0
2024-05-27,605507,国邦药业,11.816,12.023,12.037,11.659,28254.0
2024-05-28,605507,国邦药业,12.023,11.909,12.03,11.873,20356.0
2024-05-29,605507,国邦药业,11.98,11.745,11.98,11.695,21760.0
2024-05-30,605507,国邦药业,11.937,11.766,11.966,11.573,21142.0
2024-05-31,605507,国邦药业,11.766,11.737,11.895,11.73,12726.0
2024-06-03,605507,国邦药业,11.773,11.43,11.773,11.38,29530.0
2024-06-04,605507,国邦药业,11.459,11.587,11.616,11.359,15291.0
2024-06-05,605507,国邦药业,11.616,11.537,11.766,11.516,20174.0
2024-06-06,605507,国邦药业,11.402,11.252,11.609,11.116,29449.0
2024-06-07,605507,国邦药业,11.273,11.309,11.373,11.116,17398.0
2024-06-11,605507,国邦药业,11.237,11.387,11.43,11.159,13820.0
2024-06-12,605507,国邦药业,11.387,11.48,11.695,11.323,20975.0
2024-06-13,605507,国邦药业,11.437,11.23,11.473,11.202,12855.0
2024-06-14,605507,国邦药业,11.322,11.25,11.336,11.158,12718.0
2024-06-17,605507,国邦药业,11.3,11.6,11.608,11.222,27382.0
2024-06-18,605507,国邦药业,11.529,11.622,11.665,11.515,16112.0
2024-06-19,605507,国邦药业,11.629,11.443,11.679,11.408,14926.0
2024-06-20,605507,国邦药业,11.393,11.358,11.572,11.293,13324.0
2024-06-21,605507,国邦药业,11.272,11.536,11.536,11.25,15243.0
2024-06-24,605507,国邦药业,11.265,11.029,11.472,11.015,19863.0
2024-06-25,605507,国邦药业,11.029,11.1,11.229,11.022,14010.0
2024-06-26,605507,国邦药业,11.043,11.458,11.479,10.972,19035.0
2024-06-27,605507,国邦药业,11.429,11.136,11.479,11.108,14964.0
2024-06-28,605507,国邦药业,11.115,11.036,11.322,11.0,14938.0
2024-07-01,605507,国邦药业,10.972,11.143,11.186,10.893,16266.0
2024-07-02,605507,国邦药业,11.1,10.993,11.179,10.972,11371.0
2024-07-03,605507,国邦药业,10.95,11.079,11.25,10.95,17929.0
2024-07-04,605507,国邦药业,11.15,10.743,11.15,10.7,14933.0
2024-07-05,605507,国邦药业,10.722,11.072,11.115,10.686,15865.0
2024-07-08,605507,国邦药业,11.108,10.586,11.179,10.508,24047.0
2024-07-09,605507,国邦药业,10.608,10.858,10.893,10.55,19029.0
2024-07-10,605507,国邦药业,11.015,10.858,11.015,10.743,14722.0
2024-07-11,605507,国邦药业,10.972,11.158,11.236,10.965,17538.0
2024-07-12,605507,国邦药业,11.2,11.629,11.693,11.108,56202.0
2024-07-15,605507,国邦药业,11.622,11.4,11.665,11.315,32050.0
2024-07-16,605507,国邦药业,11.386,11.272,11.429,11.186,17207.0
2024-07-17,605507,国邦药业,11.25,11.25,11.358,11.072,26696.0
2024-07-18,605507,国邦药业,11.25,11.258,11.343,11.086,16891.0
2024-07-19,605507,国邦药业,11.25,11.222,11.308,11.15,18618.0
2024-07-22,605507,国邦药业,11.229,11.243,11.272,11.043,16698.0
2024-07-23,605507,国邦药业,11.25,10.972,11.308,10.943,15715.0
2024-07-24,605507,国邦药业,10.915,10.622,11.0,10.543,25014.0
2024-07-25,605507,国邦药业,10.536,10.672,10.858,10.529,14924.0
2024-07-26,605507,国邦药业,10.729,10.815,10.843,10.636,14222.0
2024-07-29,605507,国邦药业,10.836,10.629,10.858,10.615,10660.0
2024-07-30,605507,国邦药业,10.579,10.465,10.686,10.465,16172.0
2024-07-31,605507,国邦药业,10.486,11.236,11.265,10.436,32233.0
2024-08-01,605507,国邦药业,11.215,11.293,11.408,11.143,31062.0
2024-08-02,605507,国邦药业,11.286,11.579,11.793,11.172,48304.0
2024-08-05,605507,国邦药业,11.429,11.179,11.6,11.179,36074.0
2024-08-06,605507,国邦药业,11.243,11.465,11.486,11.243,19491.0
2024-08-07,605507,国邦药业,11.472,11.508,11.643,11.3,20847.0
2024-08-08,605507,国邦药业,11.679,11.593,11.743,11.465,19948.0
2024-08-09,605507,国邦药业,11.572,11.465,11.75,11.429,28589.0
2024-08-12,605507,国邦药业,11.479,11.665,11.822,11.472,32123.0
2024-08-13,605507,国邦药业,11.629,11.672,11.743,11.586,20636.0
2024-08-14,605507,国邦药业,11.729,11.579,11.729,11.572,20532.0
2024-08-15,605507,国邦药业,11.615,11.586,11.715,11.522,15845.0
2024-08-16,605507,国邦药业,11.536,11.693,11.758,11.415,23286.0
2024-08-19,605507,国邦药业,11.643,11.55,11.765,11.508,16168.0
2024-08-20,605507,国邦药业,11.515,11.415,11.615,11.236,20302.0
2024-08-21,605507,国邦药业,11.286,11.25,11.465,11.215,11581.0
2024-08-22,605507,国邦药业,11.265,11.108,11.315,11.079,8605.0
2024-08-23,605507,国邦药业,11.072,11.079,11.186,11.008,10584.0
2024-08-26,605507,国邦药业,11.05,11.008,11.122,10.929,10488.0
2024-08-27,605507,国邦药业,10.858,11.029,11.058,10.822,12029.0
2024-08-28,605507,国邦药业,11.065,11.215,11.322,10.965,14471.0
2024-08-29,605507,国邦药业,11.115,11.386,11.458,11.108,17588.0
2024-08-30,605507,国邦药业,11.7,12.172,12.358,11.558,71915.0
2024-09-02,605507,国邦药业,12.208,12.415,12.593,12.122,79039.0
2024-09-03,605507,国邦药业,12.393,12.658,12.879,12.293,55849.0
2024-09-04,605507,国邦药业,12.75,12.758,12.915,12.615,53847.0
2024-09-05,605507,国邦药业,12.815,12.936,12.986,12.722,43733.0
2024-09-06,605507,国邦药业,12.979,12.608,13.0,12.572,31416.0
2024-09-09,605507,国邦药业,12.65,12.665,12.8,12.493,31323.0
2024-09-10,605507,国邦药业,12.715,12.55,12.772,12.429,17818.0
2024-09-11,605507,国邦药业,12.493,12.629,12.715,12.45,18335.0
2024-09-12,605507,国邦药业,12.658,12.465,12.658,12.443,22351.0
2024-09-13,605507,国邦药业,12.572,12.408,12.572,12.372,18700.0
2024-09-18,605507,国邦药业,12.35,12.215,12.415,12.093,19620.0
2024-09-19,605507,国邦药业,12.215,12.215,12.429,12.158,19920.0
2024-09-20,605507,国邦药业,12.15,12.058,12.25,11.943,26138.0
2024-09-23,605507,国邦药业,12.0,11.843,12.15,11.75,25785.0
2024-09-24,605507,国邦药业,11.922,11.979,12.058,11.793,35134.0
2024-09-25,605507,国邦药业,12.05,12.05,12.379,12.036,37730.0
2024-09-26,605507,国邦药业,12.0,12.172,12.172,11.722,52437.0
2024-09-27,605507,国邦药业,12.265,12.779,12.808,12.258,42323.0
2024-09-30,605507,国邦药业,13.25,14.136,14.143,13.193,105961.0
2024-10-08,605507,国邦药业,15.636,14.786,15.636,14.136,116683.0
2024-10-09,605507,国邦药业,14.786,13.822,14.908,13.822,81555.0
2024-10-10,605507,国邦药业,14.058,13.822,14.322,13.715,60255.0
2024-10-11,605507,国邦药业,13.879,13.408,13.879,13.25,45089.0
2024-10-14,605507,国邦药业,13.408,13.536,13.586,13.086,42239.0
2024-10-15,605507,国邦药业,13.608,13.522,14.408,13.429,63737.0
2024-10-16,605507,国邦药业,13.479,13.536,13.708,13.286,31203.0
2024-10-17,605507,国邦药业,13.5,13.5,13.765,13.5,26629.0
2024-10-18,605507,国邦药业,13.465,13.786,13.979,13.465,48609.0
2024-10-21,605507,国邦药业,13.929,13.965,14.315,13.772,64366.0
2024-10-22,605507,国邦药业,13.843,13.879,14.086,13.708,34748.0
2024-10-23,605507,国邦药业,13.879,13.665,13.936,13.543,43064.0
2024-10-24,605507,国邦药业,13.65,13.643,13.736,13.543,26350.0
2024-10-25,605507,国邦药业,13.643,13.729,13.786,13.5,36845.0
2024-10-28,605507,国邦药业,13.622,13.693,13.786,13.479,36259.0
2024-10-29,605507,国邦药业,13.715,13.372,13.772,13.343,36375.0
2024-10-30,605507,国邦药业,13.422,13.286,13.465,13.15,26540.0
2024-10-31,605507,国邦药业,13.279,13.1,13.3,12.979,35582.0
2024-11-01,605507,国邦药业,13.065,13.043,13.25,12.979,39291.0
2024-11-04,605507,国邦药业,13.072,13.029,13.1,12.65,64670.0
2024-11-05,605507,国邦药业,13.072,13.186,13.2,12.879,60180.0
2024-11-06,605507,国邦药业,13.2,13.172,13.308,13.0,52411.0
2024-11-07,605507,国邦药业,13.143,13.465,13.522,13.058,55643.0
2024-11-08,605507,国邦药业,13.529,13.665,13.75,13.429,61241.0
2024-11-11,605507,国邦药业,13.758,14.715,14.758,13.665,129914.0
2024-11-12,605507,国邦药业,14.715,14.515,14.858,14.422,72125.0
2024-11-13,605507,国邦药业,14.465,14.193,14.508,14.0,47736.0
2024-11-14,605507,国邦药业,14.115,13.793,14.2,13.758,31538.0
2024-11-15,605507,国邦药业,13.786,13.722,13.972,13.7,27744.0
2024-11-18,605507,国邦药业,13.772,13.743,13.993,13.629,36773.0
2024-11-19,605507,国邦药业,13.879,14.493,14.536,13.765,88571.0
2024-11-20,605507,国邦药业,14.365,14.843,14.986,14.286,82586.0
2024-11-21,605507,国邦药业,14.815,14.643,14.915,14.543,34674.0
2024-11-22,605507,国邦药业,14.715,14.336,14.743,14.329,39670.0
2024-11-25,605507,国邦药业,14.258,14.529,14.929,14.258,42393.0
2024-11-26,605507,国邦药业,14.479,14.386,14.75,14.358,30081.0
2024-11-27,605507,国邦药业,14.415,14.593,14.593,14.122,30684.0
2024-11-28,605507,国邦药业,14.6,14.515,14.665,14.443,26524.0
2024-11-29,605507,国邦药业,14.486,14.772,14.858,14.486,29891.0
2024-12-02,605507,国邦药业,14.908,14.865,15.215,14.729,52828.0
2024-12-03,605507,国邦药业,14.879,15.058,15.129,14.686,36778.0
2024-12-04,605507,国邦药业,15.043,14.522,15.1,14.465,30497.0
2024-12-05,605507,国邦药业,14.529,14.3,14.536,14.258,29025.0
2024-12-06,605507,国邦药业,14.293,14.379,14.393,14.15,27375.0
2024-12-09,605507,国邦药业,14.443,14.272,14.493,14.2,19948.0
2024-12-10,605507,国邦药业,14.608,14.179,14.643,14.165,37358.0
2024-12-11,605507,国邦药业,14.2,14.229,14.336,14.165,18660.0
2024-12-12,605507,国邦药业,14.243,14.143,14.243,14.015,40313.0
2024-12-13,605507,国邦药业,14.108,13.886,14.172,13.858,34568.0
2024-12-16,605507,国邦药业,13.915,13.822,13.965,13.793,22918.0
2024-12-17,605507,国邦药业,13.822,13.686,13.958,13.629,21373.0
2024-12-18,605507,国邦药业,13.708,13.7,13.85,13.65,16934.0
2024-12-19,605507,国邦药业,13.608,13.772,13.772,13.465,16212.0
2024-12-20,605507,国邦药业,13.8,13.808,13.872,13.715,16186.0
2024-12-23,605507,国邦药业,13.843,13.815,14.043,13.7,27091.0
2024-12-24,605507,国邦药业,13.815,14.043,14.086,13.793,34583.0
2024-12-25,605507,国邦药业,14.079,14.15,14.165,14.0,26157.0
2024-12-26,605507,国邦药业,14.172,13.915,14.172,13.872,20639.0
2024-12-27,605507,国邦药业,13.915,14.158,14.3,13.865,31433.0
2024-12-30,605507,国邦药业,14.136,14.236,14.408,14.086,26326.0
2024-12-31,605507,国邦药业,14.25,14.022,14.279,13.958,31722.0
2025-01-02,605507,国邦药业,14.0,13.486,14.15,13.429,42585.0
2025-01-03,605507,国邦药业,13.486,13.608,13.95,13.486,43347.0
2025-01-06,605507,国邦药业,13.672,13.565,13.872,13.443,34809.0
2025-01-07,605507,国邦药业,13.55,13.258,13.558,13.165,30791.0
2025-01-08,605507,国邦药业,13.286,13.122,13.322,12.929,30241.0
2025-01-09,605507,国邦药业,13.05,12.643,13.193,12.579,39506.0
2025-01-10,605507,国邦药业,12.672,12.693,12.815,12.486,32491.0
2025-01-13,605507,国邦药业,12.658,12.85,12.85,12.558,27382.0
2025-01-14,605507,国邦药业,12.829,13.05,13.05,12.693,32753.0
2025-01-15,605507,国邦药业,12.993,13.108,13.179,12.893,24783.0
2025-01-16,605507,国邦药业,13.15,12.993,13.322,12.986,23471.0
2025-01-17,605507,国邦药业,12.979,12.929,13.043,12.808,20567.0
2025-01-20,605507,国邦药业,13.043,13.2,13.429,12.943,31159.0
2025-01-21,605507,国邦药业,13.272,13.179,13.272,12.986,21811.0
2025-01-22,605507,国邦药业,13.165,13.243,13.365,13.058,15783.0
2025-01-23,605507,国邦药业,13.308,13.579,13.815,13.308,41072.0
2025-01-24,605507,国邦药业,13.572,13.658,13.743,13.486,23106.0
2025-01-27,605507,国邦药业,13.722,13.922,14.129,13.636,30708.0
2025-02-05,605507,国邦药业,14.008,13.629,14.036,13.579,22862.0
2025-02-06,605507,国邦药业,13.615,13.693,13.722,13.543,24603.0
2025-02-07,605507,国邦药业,13.615,13.665,13.779,13.593,23147.0
2025-02-10,605507,国邦药业,13.665,13.45,13.743,13.45,28385.0
2025-02-11,605507,国邦药业,13.486,13.665,13.708,13.236,35559.0
2025-02-12,605507,国邦药业,13.608,13.543,13.708,13.465,18647.0
2025-02-13,605507,国邦药业,13.6,13.379,13.6,13.358,19859.0
2025-02-14,605507,国邦药业,13.365,13.55,13.643,13.365,17953.0
2025-02-17,605507,国邦药业,13.615,13.372,13.643,13.3,30620.0
2025-02-18,605507,国邦药业,13.372,13.358,13.515,13.215,22217.0
2025-02-19,605507,国邦药业,13.35,13.436,13.486,13.243,16037.0
2025-02-20,605507,国邦药业,13.486,13.329,13.593,13.293,22235.0
2025-02-21,605507,国邦药业,13.286,13.208,13.45,13.136,26997.0
2025-02-24,605507,国邦药业,13.258,13.136,13.322,13.115,25178.0
2025-02-25,605507,国邦药业,13.079,12.993,13.143,12.986,21186.0
2025-02-26,605507,国邦药业,13.0,13.115,13.2,13.0,16034.0
2025-02-27,605507,国邦药业,13.122,13.129,13.179,13.0,19543.0
2025-02-28,605507,国邦药业,13.2,13.343,13.515,13.193,47546.0
2025-03-03,605507,国邦药业,13.343,13.058,13.465,12.943,53939.0
2025-03-04,605507,国邦药业,13.058,13.108,13.243,13.008,28311.0
2025-03-05,605507,国邦药业,13.143,12.986,13.143,12.915,20634.0
2025-03-06,605507,国邦药业,13.022,12.943,13.029,12.858,27538.0
2025-03-07,605507,国邦药业,12.886,12.779,12.979,12.715,43293.0
2025-03-10,605507,国邦药业,12.815,12.822,12.893,12.665,21513.0
2025-03-11,605507,国邦药业,12.85,12.95,12.972,12.686,30483.0
2025-03-12,605507,国邦药业,12.943,13.129,13.343,12.908,45027.0
2025-03-13,605507,国邦药业,13.129,13.072,13.215,12.986,19744.0
2025-03-14,605507,国邦药业,13.079,13.336,13.35,13.05,26348.0
2025-03-17,605507,国邦药业,13.358,13.458,13.543,13.272,28176.0
2025-03-18,605507,国邦药业,13.443,13.55,13.736,13.443,27262.0
2025-03-19,605507,国邦药业,13.508,13.5,13.593,13.393,24596.0
2025-03-20,605507,国邦药业,13.443,13.343,13.536,13.279,23539.0
2025-03-21,605507,国邦药业,13.415,13.272,13.436,13.215,23352.0
2025-03-24,605507,国邦药业,13.279,13.258,13.379,13.122,21085.0
2025-03-25,605507,国邦药业,13.3,13.45,13.45,13.243,31574.0
2025-03-26,605507,国邦药业,13.493,13.865,14.008,13.408,64464.0
2025-03-27,605507,国邦药业,13.75,13.879,14.015,13.736,68157.0
2025-03-28,605507,国邦药业,14.036,14.143,14.629,13.908,131373.0
2025-03-31,605507,国邦药业,14.079,13.722,14.208,13.543,83436.0
2025-04-01,605507,国邦药业,13.829,14.208,14.586,13.665,107358.0
2025-04-02,605507,国邦药业,14.222,14.215,14.4,14.1,55392.0
2025-04-03,605507,国邦药业,14.115,14.393,14.515,14.072,56362.0
2025-04-07,605507,国邦药业,13.793,12.872,14.136,12.872,103371.0
2025-04-08,605507,国邦药业,13.022,13.15,13.415,12.893,85557.0
2025-04-09,605507,国邦药业,13.079,12.9,13.079,12.45,77664.0
2025-04-10,605507,国邦药业,13.0,13.129,13.3,12.943,47680.0
2025-04-11,605507,国邦药业,13.072,13.222,13.3,12.965,34650.0
2025-04-14,605507,国邦药业,13.3,13.236,13.308,13.029,63206.0
2025-04-15,605507,国邦药业,13.186,13.408,13.422,12.915,60759.0
2025-04-16,605507,国邦药业,13.158,12.665,13.186,12.508,135783.0
2025-04-17,605507,国邦药业,12.579,12.593,12.672,12.515,43242.0
2025-04-18,605507,国邦药业,12.586,12.508,12.786,12.5,49175.0
2025-04-21,605507,国邦药业,12.536,12.643,12.658,12.379,44439.0
2025-04-22,605507,国邦药业,12.643,12.943,13.0,12.508,67114.0
2025-04-23,605507,国邦药业,12.929,12.815,13.0,12.8,39112.0
2025-04-24,605507,国邦药业,12.843,12.943,13.143,12.829,36740.0
2025-04-25,605507,国邦药业,13.058,12.829,13.058,12.786,29364.0
2025-04-28,605507,国邦药业,12.879,12.729,12.929,12.665,20635.0
2025-04-29,605507,国邦药业,12.722,12.758,12.865,12.722,21408.0
2025-04-30,605507,国邦药业,12.808,12.836,12.965,12.808,24182.0
2025-05-06,605507,国邦药业,12.908,12.765,12.915,12.7,56942.0
2025-05-07,605507,国邦药业,12.822,12.793,12.95,12.743,46014.0
2025-05-08,605507,国邦药业,12.808,12.8,12.843,12.743,32198.0
2025-05-09,605507,国邦药业,12.808,12.865,12.879,12.765,41084.0
2025-05-12,605507,国邦药业,12.908,12.936,12.979,12.843,38416.0
2025-05-13,605507,国邦药业,12.965,13.05,13.108,12.922,41079.0
2025-05-14,605507,国邦药业,13.029,13.0,13.072,12.915,27610.0
2025-05-15,605507,国邦药业,13.022,13.136,13.179,12.929,29369.0
2025-05-16,605507,国邦药业,13.072,13.15,13.186,13.05,31399.0
2025-05-19,605507,国邦药业,13.136,13.05,13.186,12.95,29073.0
2025-05-20,605507,国邦药业,13.086,13.379,13.486,13.086,55521.0
2025-05-21,605507,国邦药业,13.343,13.422,13.6,13.315,44901.0
2025-05-22,605507,国邦药业,13.422,13.229,13.458,13.208,24931.0
2025-05-23,605507,国邦药业,13.243,13.329,13.5,13.243,33723.0
2025-05-26,605507,国邦药业,13.286,13.1,13.393,13.072,33062.0
2025-05-27,605507,国邦药业,13.115,13.193,13.25,13.043,24339.0
2025-05-28,605507,国邦药业,13.236,13.265,13.379,13.143,23874.0
2025-05-29,605507,国邦药业,13.243,13.508,13.579,13.243,45977.0
2025-05-30,605507,国邦药业,13.493,13.665,13.822,13.493,41825.0
2025-06-03,605507,国邦药业,13.608,13.708,13.765,13.579,29407.0
2025-06-04,605507,国邦药业,13.715,13.8,13.829,13.608,28812.0
2025-06-05,605507,国邦药业,13.858,13.608,13.929,13.529,31132.0
2025-06-06,605507,国邦药业,13.608,13.708,13.8,13.608,30242.0
2025-06-09,605507,国邦药业,13.643,13.808,13.893,13.643,25203.0
2025-06-10,605507,国邦药业,13.85,13.922,13.993,13.765,38141.0
2025-06-11,605507,国邦药业,13.965,13.986,14.015,13.886,26459.0
2025-06-12,605507,国邦药业,13.915,14.265,14.329,13.908,58980.0
2025-06-13,605507,国邦药业,14.307,14.129,14.429,13.993,46609.0
2025-06-16,605507,国邦药业,14.121,14.057,14.2,13.943,29622.0
2025-06-17,605507,国邦药业,14.057,13.893,14.271,13.857,27993.0
2025-06-18,605507,国邦药业,13.864,13.743,13.907,13.686,24266.0
2025-06-19,605507,国邦药业,13.714,13.657,13.771,13.571,23418.0
2025-06-20,605507,国邦药业,13.714,13.85,13.95,13.657,23584.0
2025-06-23,605507,国邦药业,13.85,13.671,13.85,13.536,31663.0
2025-06-24,605507,国邦药业,13.721,13.8,13.864,13.686,26028.0
2025-06-25,605507,国邦药业,13.8,13.786,13.843,13.707,25466.0
2025-06-26,605507,国邦药业,13.814,13.6,13.814,13.529,35021.0
2025-06-27,605507,国邦药业,13.557,13.643,13.743,13.557,22055.0
2025-06-30,605507,国邦药业,13.65,13.693,13.736,13.593,30731.0
2025-07-01,605507,国邦药业,13.693,13.764,13.764,13.621,31651.0
2025-07-02,605507,国邦药业,13.721,13.743,13.879,13.679,30755.0
2025-07-03,605507,国邦药业,13.714,14.043,14.086,13.714,42120.0
2025-07-04,605507,国邦药业,14.029,14.086,14.193,14.014,23938.0
2025-07-07,605507,国邦药业,14.057,14.1,14.25,13.95,25148.0
2025-07-08,605507,国邦药业,14.129,14.121,14.236,13.964,38949.0
2025-07-09,605507,国邦药业,14.1,14.136,14.179,14.021,21991.0
2025-07-10,605507,国邦药业,14.143,14.364,14.429,14.121,37494.0
2025-07-11,605507,国邦药业,14.371,14.314,14.479,14.264,30429.0
2025-07-14,605507,国邦药业,14.25,14.343,14.443,14.214,28305.0
2025-07-15,605507,国邦药业,14.407,14.336,14.414,14.186,20674.0
2025-07-16,605507,国邦药业,14.264,14.464,14.479,14.264,22871.0
2025-07-17,605507,国邦药业,14.464,14.464,14.579,14.457,22323.0
2025-07-18,605507,国邦药业,14.479,14.471,14.521,14.229,29825.0
2025-07-21,605507,国邦药业,14.407,14.486,14.514,14.386,27253.0
2025-07-22,605507,国邦药业,14.5,14.657,14.7,14.5,38437.0
2025-07-23,605507,国邦药业,14.621,14.621,14.771,14.579,32376.0
2025-07-24,605507,国邦药业,14.643,14.721,14.821,14.571,32060.0
2025-07-25,605507,国邦药业,14.764,14.893,14.986,14.65,39093.0
2025-07-28,605507,国邦药业,14.843,14.829,14.964,14.807,33675.0
2025-07-29,605507,国邦药业,14.879,14.95,14.964,14.736,39077.0
2025-07-30,605507,国邦药业,15.414,16.486,16.486,15.414,159978.0
2025-07-31,605507,国邦药业,16.593,16.179,16.721,15.95,259346.0
2025-08-01,605507,国邦药业,16.471,16.357,16.779,16.171,179507.0
2025-08-04,605507,国邦药业,16.271,16.921,17.014,16.2,167417.0
2025-08-05,605507,国邦药业,16.857,16.507,16.864,16.436,129725.0
2025-08-06,605507,国邦药业,16.443,16.079,16.55,16.071,128900.0
2025-08-07,605507,国邦药业,16.207,16.2,16.307,16.114,77102.0
2025-08-08,605507,国邦药业,16.179,16.057,16.25,15.929,56201.0
2025-08-11,605507,国邦药业,16.05,16.229,16.45,16.0,82684.0
2025-08-12,605507,国邦药业,16.229,16.071,16.286,16.043,50559.0
2025-08-13,605507,国邦药业,16.071,16.236,16.343,15.971,67920.0
2025-08-14,605507,国邦药业,16.236,16.114,16.393,16.086,50668.0
2025-08-15,605507,国邦药业,16.057,16.264,16.321,16.014,63549.0
2025-08-18,605507,国邦药业,16.271,16.243,16.393,16.157,76089.0
2025-08-19,605507,国邦药业,16.321,15.943,16.443,15.936,82123.0
2025-08-20,605507,国邦药业,15.936,16.05,16.05,15.636,78588.0
2025-08-21,605507,国邦药业,16.357,16.129,16.379,16.057,77670.0
2025-08-22,605507,国邦药业,16.129,16.086,16.164,15.957,48747.0
2025-08-25,605507,国邦药业,16.086,16.229,16.357,16.057,65558.0
2025-08-26,605507,国邦药业,16.221,16.186,16.329,16.064,41971.0
2025-08-27,605507,国邦药业,16.157,16.114,16.614,16.1,81342.0
2025-08-28,605507,国邦药业,16.071,16.193,16.35,15.821,75282.0
2025-08-29,605507,国邦药业,16.171,16.35,16.55,16.071,77576.0
2025-09-01,605507,国邦药业,16.414,16.064,16.414,16.021,63375.0
2025-09-02,605507,国邦药业,16.079,15.986,16.264,15.729,63543.0
2025-09-03,605507,国邦药业,15.943,16.007,16.171,15.729,61410.0
2025-09-04,605507,国邦药业,16.029,16.071,16.429,15.771,81103.0
2025-09-05,605507,国邦药业,16.071,16.414,16.486,15.893,72709.0
2025-09-08,605507,国邦药业,16.557,16.85,17.5,16.486,118062.0
2025-09-09,605507,国邦药业,16.857,16.521,16.979,16.421,62612.0
2025-09-10,605507,国邦药业,16.436,16.3,16.729,16.271,44267.0
2025-09-11,605507,国邦药业,16.279,16.264,16.279,15.914,44427.0
2025-09-12,605507,国邦药业,16.257,16.057,16.307,16.0,42967.0
2025-09-15,605507,国邦药业,16.057,15.971,16.129,15.943,31723.0
2025-09-16,605507,国邦药业,15.979,15.843,16.021,15.75,30938.0
2025-09-17,605507,国邦药业,15.886,15.85,15.95,15.729,30977.0
2025-09-18,605507,国邦药业,15.814,15.743,15.957,15.529,44287.0
2025-09-19,605507,国邦药业,15.693,15.671,15.771,15.529,34072.0
2025-09-22,605507,国邦药业,15.7,15.55,15.843,15.5,35683.0
2025-09-23,605507,国邦药业,15.536,15.443,15.6,15.164,37360.0
2025-09-24,605507,国邦药业,15.443,15.693,15.714,15.393,22602.0
2025-09-25,605507,国邦药业,15.729,15.607,15.75,15.514,20295.0
2025-09-26,605507,国邦药业,15.557,15.507,15.586,15.293,27933.0
2025-09-29,605507,国邦药业,15.493,15.443,15.564,15.307,35299.0
2025-09-30,605507,国邦药业,15.371,15.871,15.9,15.321,49386.0
2025-10-09,605507,国邦药业,15.8,15.686,15.85,15.557,39602.0
2025-10-10,605507,国邦药业,15.714,16.2,16.229,15.6,69014.0
2025-10-13,605507,国邦药业,15.736,16.321,16.4,15.7,71381.0
2025-10-14,605507,国邦药业,16.3,16.143,16.414,16.064,50927.0
2025-10-15,605507,国邦药业,16.164,16.521,16.529,16.143,60506.0
2025-10-16,605507,国邦药业,16.543,16.486,16.657,16.364,61698.0
2025-10-17,605507,国邦药业,16.264,15.621,16.264,15.429,94087.0
2025-10-20,605507,国邦药业,15.771,15.364,15.793,15.329,50957.0
2025-10-21,605507,国邦药业,15.457,15.679,15.893,15.414,39768.0
2025-10-22,605507,国邦药业,15.6,15.55,15.75,15.521,29960.0
2025-10-23,605507,国邦药业,15.529,15.486,15.564,15.343,29328.0
2025-10-24,605507,国邦药业,15.464,15.507,15.536,15.386,22153.0
2025-10-27,605507,国邦药业,15.571,15.779,15.986,15.564,51101.0
2025-10-28,605507,国邦药业,15.757,15.829,15.971,15.686,29574.0
2025-10-29,605507,国邦药业,15.879,15.786,15.893,15.671,25488.0
2025-10-30,605507,国邦药业,15.707,15.536,15.943,15.529,26418.0
2025-10-31,605507,国邦药业,15.521,15.836,15.929,15.521,33113.0
2025-11-03,605507,国邦药业,15.914,15.736,15.929,15.607,31251.0
2025-11-04,605507,国邦药业,15.679,15.457,15.764,15.379,32552.0
2025-11-05,605507,国邦药业,15.479,15.393,15.5,15.336,23838.0
2025-11-06,605507,国邦药业,15.429,15.6,15.636,15.379,23978.0
2025-11-07,605507,国邦药业,15.636,15.843,15.893,15.529,34068.0
2025-11-10,605507,国邦药业,15.836,16.214,16.3,15.793,65557.0
2025-11-11,605507,国邦药业,16.15,16.536,16.607,16.143,64137.0
2025-11-12,605507,国邦药业,16.55,16.493,16.621,16.371,46673.0
2025-11-13,605507,国邦药业,16.529,16.486,16.586,16.3,36756.0
2025-11-14,605507,国邦药业,16.45,16.357,16.607,16.35,25805.0
2025-11-17,605507,国邦药业,16.414,16.136,16.414,16.057,28139.0
2025-11-18,605507,国邦药业,16.071,16.029,16.207,15.993,22394.0
2025-11-19,605507,国邦药业,16.071,16.021,16.186,15.957,16838.0
2025-11-20,605507,国邦药业,16.093,16.079,16.179,15.986,18919.0
2025-11-21,605507,国邦药业,16.136,15.929,16.357,15.921,50615.0
2025-11-24,605507,国邦药业,15.993,15.986,16.457,15.971,38049.0
2025-11-25,605507,国邦药业,16.05,16.371,16.586,15.979,49747.0
2025-11-26,605507,国邦药业,16.357,16.45,16.793,16.35,47734.0
2025-11-27,605507,国邦药业,16.414,16.764,16.871,16.357,67046.0
2025-11-28,605507,国邦药业,16.786,16.693,16.85,16.507,46644.0
2025-12-01,605507,国邦药业,16.671,16.993,17.186,16.593,76302.0
2025-12-02,605507,国邦药业,16.907,16.929,17.057,16.807,27533.0
2025-12-03,605507,国邦药业,16.921,17.064,17.143,16.786,46384.0
2025-12-04,605507,国邦药业,17.143,17.021,17.164,16.893,32160.0
2025-12-05,605507,国邦药业,17.021,16.779,17.021,16.714,30143.0
2025-12-08,605507,国邦药业,16.807,16.757,16.921,16.593,29468.0
2025-12-09,605507,国邦药业,16.786,16.471,16.807,16.443,28182.0
2025-12-10,605507,国邦药业,16.5,16.329,16.521,16.236,24220.0
2025-12-11,605507,国邦药业,16.314,16.157,16.457,16.143,24397.0
2025-12-12,605507,国邦药业,16.186,16.086,16.243,16.071,18816.0
2025-12-15,605507,国邦药业,16.086,16.336,16.479,16.036,29615.0
2025-12-16,605507,国邦药业,16.386,16.179,16.443,16.15,17665.0
2025-12-17,605507,国邦药业,16.143,16.186,16.264,16.057,18600.0
2025-12-18,605507,国邦药业,16.136,16.207,16.214,16.014,14701.0
2025-12-19,605507,国邦药业,16.179,16.2,16.286,16.079,26199.0
2025-12-22,605507,国邦药业,16.179,15.971,16.2,15.964,24639.0
2025-12-23,605507,国邦药业,15.936,15.793,16.014,15.771,25580.0
2025-12-24,605507,国邦药业,15.871,16.193,16.229,15.807,34137.0
2025-12-25,605507,国邦药业,16.171,16.564,16.607,16.15,29809.0
2025-12-26,605507,国邦药业,16.5,16.543,16.636,16.407,24513.0
2025-12-29,605507,国邦药业,16.507,16.593,16.807,16.479,31765.0
2025-12-30,605507,国邦药业,16.571,17.186,17.264,16.571,68208.0
2025-12-31,605507,国邦药业,17.186,17.286,17.379,17.114,43189.0
2026-01-05,605507,国邦药业,17.286,17.25,17.321,17.043,42499.0
2026-01-06,605507,国邦药业,17.3,17.193,17.393,17.064,33765.0
2026-01-07,605507,国邦药业,17.143,17.207,17.379,17.0,44581.0
2026-01-08,605507,国邦药业,17.257,17.757,18.014,17.186,77557.0
2026-01-09,605507,国邦药业,17.65,17.836,17.871,17.457,43578.0
2026-01-12,605507,国邦药业,17.75,17.586,17.857,17.271,46014.0
2026-01-13,605507,国邦药业,17.536,17.464,17.814,17.386,34683.0
2026-01-14,605507,国邦药业,17.479,17.2,17.564,17.071,44810.0
2026-01-15,605507,国邦药业,17.2,17.336,17.493,17.129,32175.0
2026-01-16,605507,国邦药业,17.429,17.264,17.564,17.186,24388.0
2026-01-19,605507,国邦药业,17.264,17.286,17.357,17.129,31886.0
2026-01-20,605507,国邦药业,17.343,17.6,17.6,17.236,35986.0
2026-01-21,605507,国邦药业,17.571,18.829,19.379,17.536,132566.0
2026-01-22,605507,国邦药业,18.507,18.614,19.071,18.414,69623.0
2026-01-23,605507,国邦药业,18.614,18.557,18.971,18.314,55471.0
2026-01-26,605507,国邦药业,18.586,19.121,19.343,18.393,75155.0
2026-01-27,605507,国邦药业,19.093,19.079,19.4,18.786,61731.0
2026-01-28,605507,国邦药业,19.007,19.05,19.386,18.836,50403.0
2026-01-29,605507,国邦药业,18.986,19.071,19.321,18.986,34718.0
2026-01-30,605507,国邦药业,19.171,19.186,19.307,18.879,32277.0
2026-02-02,605507,国邦药业,19.114,18.107,19.214,18.086,64306.0
2026-02-03,605507,国邦药业,18.171,18.557,18.643,18.15,42073.0
2026-02-04,605507,国邦药业,18.564,18.686,18.914,18.421,28137.0
2026-02-05,605507,国邦药业,18.529,18.814,19.107,18.529,39529.0
2026-02-06,605507,国邦药业,18.786,19.15,19.55,18.686,53009.0
2026-02-09,605507,国邦药业,19.207,19.857,19.914,19.014,66237.0
2026-02-10,605507,国邦药业,19.7,20.021,20.079,19.579,45291.0
2026-02-11,605507,国邦药业,19.986,19.786,20.114,19.679,37135.0
2026-02-12,605507,国邦药业,19.7,20.25,20.371,19.514,49476.0
2026-02-13,605507,国邦药业,20.286,19.971,20.414,19.971,22464.0
2026-02-24,605507,国邦药业,20.136,19.764,20.136,19.536,32125.0
2026-02-25,605507,国邦药业,19.736,19.679,19.871,19.614,27853.0
2026-02-26,605507,国邦药业,19.643,19.636,19.857,19.571,26105.0
2026-02-27,605507,国邦药业,19.636,19.607,19.914,19.579,20338.0
2026-03-02,605507,国邦药业,19.507,19.243,19.564,18.943,38926.0
2026-03-03,605507,国邦药业,19.25,18.5,19.393,18.329,47626.0
2026-03-04,605507,国邦药业,18.5,18.514,18.75,18.264,26537.0
2026-03-05,605507,国邦药业,18.671,18.421,18.821,18.279,29144.0
2026-03-06,605507,国邦药业,18.421,18.614,18.843,18.421,22188.0
2026-03-09,605507,国邦药业,18.614,18.271,18.614,18.0,43168.0
2026-03-10,605507,国邦药业,18.271,19.05,19.129,18.271,40596.0
2026-03-11,605507,国邦药业,19.086,18.743,19.086,18.657,27540.0
2026-03-12,605507,国邦药业,18.843,19.436,20.157,18.693,59000.0
2026-03-13,605507,国邦药业,19.45,20.464,20.986,19.45,89062.0
2026-03-16,605507,国邦药业,20.464,20.243,20.743,19.957,53503.0
2026-03-17,605507,国邦药业,20.186,19.386,20.429,19.179,67444.0
2026-03-18,605507,国邦药业,19.371,19.029,19.493,18.7,55726.0
2026-03-19,605507,国邦药业,18.871,18.35,19.021,18.271,29539.0
2026-03-20,605507,国邦药业,18.479,18.3,18.714,18.221,35704.0
2026-03-23,605507,国邦药业,17.943,17.471,18.264,17.15,61824.0
2026-03-24,605507,国邦药业,17.829,18.014,18.05,17.593,30300.0
2026-03-25,605507,国邦药业,18.014,18.55,18.821,18.0,38041.0
2026-03-26,605507,国邦药业,18.521,18.643,19.05,18.443,29897.0
2026-03-27,605507,国邦药业,18.457,18.75,19.114,18.364,38660.0
2026-03-30,605507,国邦药业,18.507,17.707,18.993,17.071,108991.0
2026-03-31,605507,国邦药业,18.05,18.136,18.229,17.821,45812.0
2026-04-01,605507,国邦药业,18.35,18.05,18.379,17.936,41808.0
2026-04-02,605507,国邦药业,18.0,17.8,18.05,17.664,38413.0
2026-04-03,605507,国邦药业,17.686,17.75,17.957,17.607,29798.0
2026-04-07,605507,国邦药业,17.836,17.743,18.057,17.529,29552.0
2026-04-08,605507,国邦药业,18.043,18.014,18.043,17.636,36333.0
2026-04-09,605507,国邦药业,17.864,17.929,18.1,17.714,31593.0
2026-04-10,605507,国邦药业,17.986,17.836,18.186,17.836,33124.0
2026-04-13,605507,国邦药业,17.814,17.507,17.836,17.436,34226.0
2026-04-14,605507,国邦药业,17.579,17.779,17.786,17.536,20854.0
2026-04-15,605507,国邦药业,17.786,18.043,18.271,17.75,47790.0
2026-04-16,605507,国邦药业,17.343,16.893,17.421,16.743,119232.0
2026-04-17,605507,国邦药业,16.907,16.736,16.907,16.371,68888.0
2026-04-20,605507,国邦药业,16.679,16.857,16.886,16.6,31980.0
2026-04-21,605507,国邦药业,16.8,16.771,16.957,16.7,23998.0
2026-04-22,605507,国邦药业,16.721,16.807,16.886,16.693,25478.0
2026-04-23,605507,国邦药业,16.807,16.707,16.986,16.521,44385.0
2026-04-24,605507,国邦药业,16.65,16.714,16.814,16.593,20797.0
2026-04-27,605507,国邦药业,16.714,16.693,16.829,16.657,18991.0
2026-04-28,605507,国邦药业,16.7,16.614,16.914,16.5,24955.0
2026-04-29,605507,国邦药业,16.593,16.871,16.964,16.564,30754.0
2026-04-30,605507,国邦药业,16.864,16.657,16.886,16.507,28442.0
2026-05-06,605507,国邦药业,16.636,16.386,16.807,16.35,53897.0
2026-05-07,605507,国邦药业,16.4,16.4,16.479,16.236,28580.0
2026-05-08,605507,国邦药业,16.4,16.114,16.421,15.95,53081.0
2026-05-11,605507,国邦药业,16.036,16.436,16.529,15.943,35652.0
2026-05-12,605507,国邦药业,16.457,16.179,16.471,16.086,22711.0
2026-05-13,605507,国邦药业,16.221,16.471,16.529,16.1,30388.0
2026-05-14,605507,国邦药业,16.507,16.386,16.614,16.343,30234.0
2026-05-15,605507,国邦药业,16.371,16.214,16.557,16.164,33681.0
2026-05-18,605507,国邦药业,16.214,15.736,16.321,15.593,37885.0
2026-05-19,605507,国邦药业,15.736,15.629,15.836,15.393,30630.0
2026-05-20,605507,国邦药业,15.643,15.571,15.664,14.993,41366.0
2026-05-21,605507,国邦药业,15.579,15.4,15.914,15.393,28061.0
2026-05-22,605507,国邦药业,15.5,15.557,15.807,15.421,23888.0
2026-05-25,605507,国邦药业,15.643,15.421,15.7,15.286,28509.0
2026-05-26,605507,国邦药业,15.307,15.407,15.5,15.271,18048.0
2026-05-27,605507,国邦药业,15.35,15.364,15.514,15.114,28152.0
2026-05-28,605507,国邦药业,15.3,15.129,15.436,15.0,28724.0
2026-05-29,605507,国邦药业,15.15,15.31,15.39,14.9,44476.0
2026-06-01,605507,国邦药业,15.45,15.83,15.88,15.35,52415.0
2026-06-02,605507,国邦药业,15.84,15.64,16.09,15.58,44679.0
2026-06-03,605507,国邦药业,15.53,15.72,15.84,15.29,46832.0
2026-06-04,605507,国邦药业,15.72,15.85,15.96,15.61,40783.0
2026-06-05,605507,国邦药业,15.84,15.9,16.05,15.7,40899.0
2026-06-08,605507,国邦药业,15.82,15.7,15.99,15.53,38865.0
2026-06-09,605507,国邦药业,15.69,15.36,15.75,15.34,46551.0
2026-06-10,605507,国邦药业,15.27,16.15,16.17,15.21,72164.0
2026-06-11,605507,国邦药业,16.13,15.89,16.19,15.72,39160.0
2026-06-12,605507,国邦药业,15.9,16.18,16.52,15.8,73217.0
2026-06-15,605507,国邦药业,16.19,15.99,16.47,15.87,48576.0
2026-06-16,605507,国邦药业,15.95,15.62,15.99,15.58,49031.0
2026-06-17,605507,国邦药业,15.65,15.31,15.68,15.25,30275.0
2026-06-18,605507,国邦药业,15.31,15.22,15.35,15.05,33573.0
2026-06-22,605507,国邦药业,15.22,15.29,15.32,14.96,37291.0
2026-06-23,605507,国邦药业,15.15,15.2,15.64,15.15,39884.0
2026-06-24,605507,国邦药业,15.55,15.05,15.74,15.01,49513.0
2026-06-25,605507,国邦药业,14.96,15.0,15.29,14.8,33562.0
2026-06-26,605507,国邦药业,15.04,14.7,15.17,14.66,44784.0
2026-06-29,605507,国邦药业,14.57,15.57,15.77,14.34,83611.0
2026-06-30,605507,国邦药业,15.53,14.8,15.7,14.75,57117.0
2026-07-01,605507,国邦药业,14.82,15.39,15.44,14.6,54587.0
2026-07-02,605507,国邦药业,15.47,15.68,15.82,15.4,52742.0
2026-07-03,605507,国邦药业,15.6,15.76,15.95,15.53,30196.0
2026-07-06,605507,国邦药业,15.75,15.93,16.12,15.5,54760.0
2026-07-07,605507,国邦药业,15.88,15.33,15.88,15.26,42182.0
2026-07-08,605507,国邦药业,15.4,15.15,15.58,15.05,32324.0
2026-07-09,605507,国邦药业,15.11,14.75,15.45,14.75,51341.0
2026-07-10,605507,国邦药业,14.7,15.08,15.29,14.56,51620.0
